Date,Day,1st,2nd,3rd,4th,5th,CB
05/02/2025,Friday,5,47,48,50,58,1
05/01/2025,Thursday,9,20,27,28,39,3
04/30/2025,Wednesday,8,9,43,55,59,1
04/29/2025,Tuesday,8,14,32,54,60,1
04/28/2025,Monday,1,8,13,33,52,4
04/27/2025,Sunday,4,18,31,34,52,4
04/26/2025,Saturday,5,31,32,33,34,2
04/25/2025,Friday,38,46,51,53,56,2
04/24/2025,Thursday,6,23,28,29,47,3
04/23/2025,Wednesday,4,22,25,42,45,1
04/22/2025,Tuesday,3,7,16,26,45,2
04/21/2025,Monday,30,33,43,58,60,1
04/20/2025,Sunday,8,19,24,32,50,4
04/19/2025,Saturday,2,19,23,34,51,3
04/18/2025,Friday,11,34,39,51,58,3
04/17/2025,Thursday,9,18,29,36,54,3
04/16/2025,Wednesday,3,21,28,42,57,1
04/15/2025,Tuesday,16,17,31,58,59,2
04/14/2025,Monday,2,5,24,27,55,4
04/13/2025,Sunday,19,22,23,40,43,3
04/12/2025,Saturday,10,17,32,50,53,3
04/11/2025,Friday,12,15,22,24,28,4
04/10/2025,Thursday,5,24,31,49,58,2
04/09/2025,Wednesday,4,12,15,51,53,4
04/08/2025,Tuesday,1,3,5,16,44,4
04/07/2025,Monday,2,33,46,51,55,2
04/06/2025,Sunday,1,2,29,41,58,4
04/05/2025,Saturday,3,22,50,53,55,2
04/04/2025,Friday,6,22,35,37,48,3
04/03/2025,Thursday,20,24,38,47,52,3
04/02/2025,Wednesday,4,6,23,56,59,2
04/01/2025,Tuesday,8,11,14,36,51,4
03/31/2025,Monday,15,33,34,53,54,1
03/30/2025,Sunday,8,21,30,33,56,2
03/29/2025,Saturday,3,9,27,47,51,3
03/28/2025,Friday,23,27,36,38,48,4
03/27/2025,Thursday,2,3,12,25,31,4
03/26/2025,Wednesday,1,6,17,30,53,4
03/25/2025,Tuesday,11,17,18,19,34,1
03/24/2025,Monday,11,37,51,56,58,4
03/23/2025,Sunday,2,8,22,40,54,2
03/22/2025,Saturday,14,31,35,47,59,2
03/21/2025,Friday,1,7,9,11,13,3
03/20/2025,Thursday,2,10,13,25,28,2
03/19/2025,Wednesday,2,15,26,32,43,1
03/18/2025,Tuesday,2,11,15,45,54,3
03/17/2025,Monday,17,20,27,30,46,2
03/16/2025,Sunday,6,31,39,55,60,1
03/15/2025,Saturday,2,17,19,29,41,3
03/14/2025,Friday,5,33,44,52,59,1
03/13/2025,Thursday,6,8,31,41,45,2
03/12/2025,Wednesday,1,2,28,48,57,4
03/11/2025,Tuesday,16,23,27,34,39,2
03/10/2025,Monday,17,22,34,48,53,4
03/09/2025,Sunday,12,24,32,38,57,2
03/08/2025,Saturday,18,25,26,35,40,2
03/07/2025,Friday,5,16,24,41,60,1
03/06/2025,Thursday,7,23,32,39,50,3
03/05/2025,Wednesday,2,33,43,53,55,2
03/04/2025,Tuesday,11,17,29,52,53,3
03/03/2025,Monday,1,17,27,52,55,1
03/02/2025,Sunday,19,35,43,45,46,3
03/01/2025,Saturday,10,23,54,57,60,4
02/28/2025,Friday,2,15,23,44,54,1
02/27/2025,Thursday,22,34,40,54,59,1
02/26/2025,Wednesday,21,33,41,50,55,1
02/25/2025,Tuesday,25,34,46,57,59,2
02/24/2025,Monday,15,36,47,52,56,2
02/23/2025,Sunday,1,7,11,30,37,3
02/22/2025,Saturday,4,29,39,40,45,2
02/21/2025,Friday,20,24,36,45,53,3
02/20/2025,Thursday,6,18,20,36,56,2
02/19/2025,Wednesday,13,21,29,38,57,2
02/18/2025,Tuesday,15,17,25,44,45,1
02/17/2025,Monday,4,9,31,32,39,4
02/16/2025,Sunday,4,22,24,39,46,2
02/15/2025,Saturday,8,31,34,41,52,4
02/14/2025,Friday,8,34,48,52,58,2
02/13/2025,Thursday,25,54,57,58,59,1
02/12/2025,Wednesday,20,24,34,49,58,1
02/11/2025,Tuesday,1,10,14,22,33,1
02/10/2025,Monday,13,15,17,20,55,3
02/09/2025,Sunday,18,19,27,51,53,1
02/08/2025,Saturday,9,13,43,51,57,2
02/07/2025,Friday,10,22,23,31,39,2
02/06/2025,Thursday,22,30,38,47,58,4
02/05/2025,Wednesday,17,27,29,36,46,3
02/04/2025,Tuesday,16,19,22,26,35,4
02/03/2025,Monday,8,9,15,25,46,1
02/02/2025,Sunday,6,29,33,49,52,2
02/01/2025,Saturday,7,17,31,33,34,2
01/31/2025,Friday,13,15,28,32,46,3
01/30/2025,Thursday,6,10,38,53,54,2
01/29/2025,Wednesday,8,32,40,41,56,1
01/28/2025,Tuesday,22,40,45,54,60,1
01/27/2025,Monday,8,15,42,50,51,3
01/26/2025,Sunday,31,35,43,50,51,2
01/25/2025,Saturday,5,30,33,45,57,3
01/24/2025,Friday,18,22,31,33,40,3
01/23/2025,Thursday,9,30,40,42,57,3
01/22/2025,Wednesday,4,7,20,45,56,1
01/21/2025,Tuesday,8,17,27,54,57,1
01/20/2025,Monday,3,19,23,35,36,3
01/19/2025,Sunday,35,48,53,54,59,2
01/18/2025,Saturday,4,21,22,25,41,1
01/17/2025,Friday,13,14,24,26,57,1
01/16/2025,Thursday,15,22,38,44,58,1
01/15/2025,Wednesday,1,11,25,47,55,4
01/14/2025,Tuesday,2,7,17,20,52,3
01/13/2025,Monday,3,7,10,22,49,2
01/12/2025,Sunday,2,35,43,55,59,4
01/11/2025,Saturday,18,23,27,28,60,4
01/10/2025,Friday,9,37,44,46,48,1
01/09/2025,Thursday,3,6,18,30,40,2
01/08/2025,Wednesday,3,4,10,36,56,4
01/07/2025,Tuesday,5,22,24,53,56,4
01/06/2025,Monday,14,15,16,22,59,2
01/05/2025,Sunday,2,6,17,46,57,2
01/04/2025,Saturday,1,21,24,32,46,1
01/03/2025,Friday,12,25,28,47,55,1
01/02/2025,Thursday,8,27,30,36,47,4
01/01/2025,Wednesday,10,11,13,18,29,1
12/31/2024,Tuesday,10,21,27,31,48,2
12/30/2024,Monday,10,24,26,34,35,4
12/29/2024,Sunday,3,13,28,42,48,4
12/28/2024,Saturday,5,17,27,28,41,1
12/27/2024,Friday,10,11,21,28,51,4
12/26/2024,Thursday,23,30,33,42,49,2
12/25/2024,Wednesday,11,17,26,52,53,4
12/24/2024,Tuesday,7,23,25,46,57,3
12/23/2024,Monday,9,25,35,41,45,3
12/22/2024,Sunday,10,12,30,41,49,2
12/21/2024,Saturday,12,16,21,35,43,2
12/20/2024,Friday,11,37,40,45,59,1
12/19/2024,Thursday,25,30,45,51,58,2
12/18/2024,Wednesday,2,24,54,55,56,3
12/17/2024,Tuesday,4,6,17,43,47,4
12/16/2024,Monday,1,11,23,35,52,3
12/15/2024,Sunday,1,18,22,29,39,1
12/14/2024,Saturday,25,35,37,45,49,4
12/13/2024,Friday,5,13,41,49,51,1
12/12/2024,Thursday,1,2,40,50,55,4
12/11/2024,Wednesday,6,14,20,21,57,2
12/10/2024,Tuesday,3,12,13,14,56,1
12/09/2024,Monday,20,26,33,43,54,1
12/08/2024,Sunday,4,7,18,34,58,2
12/07/2024,Saturday,6,8,34,45,54,4
12/06/2024,Friday,2,42,43,49,51,1
12/05/2024,Thursday,5,19,20,29,45,4
12/04/2024,Wednesday,10,11,29,40,59,3
12/03/2024,Tuesday,19,24,32,34,41,1
12/02/2024,Monday,18,30,40,44,48,4
12/01/2024,Sunday,29,36,46,56,59,3
11/30/2024,Saturday,1,26,32,53,58,3
11/29/2024,Friday,11,13,29,35,56,1
11/28/2024,Thursday,8,23,33,35,60,1
11/27/2024,Wednesday,17,21,25,31,47,4
11/26/2024,Tuesday,4,11,13,30,39,2
11/25/2024,Monday,1,8,15,31,59,1
11/24/2024,Sunday,2,12,26,42,58,3
11/23/2024,Saturday,15,24,44,54,55,3
11/22/2024,Friday,4,5,12,15,37,1
11/21/2024,Thursday,30,35,47,50,57,1
11/20/2024,Wednesday,27,28,38,39,55,1
11/19/2024,Tuesday,21,23,30,33,47,4
11/18/2024,Monday,2,15,28,29,40,1
11/17/2024,Sunday,10,17,30,37,47,1
11/16/2024,Saturday,16,17,23,39,60,3
11/15/2024,Friday,17,20,23,32,34,1
11/14/2024,Thursday,7,11,35,50,51,4
11/13/2024,Wednesday,12,16,22,32,48,4
11/12/2024,Tuesday,5,8,27,31,55,4
11/11/2024,Monday,11,28,49,52,53,4
11/10/2024,Sunday,8,10,31,37,55,3
11/09/2024,Saturday,39,45,50,56,58,1
11/08/2024,Friday,10,11,15,32,52,4
11/07/2024,Thursday,1,19,31,51,60,4
11/06/2024,Wednesday,17,18,20,26,59,1
11/05/2024,Tuesday,16,18,23,37,53,2
11/04/2024,Monday,13,38,44,55,59,4
11/03/2024,Sunday,9,13,14,36,57,2
11/02/2024,Saturday,15,20,27,30,48,3
11/01/2024,Friday,1,11,21,35,49,3
10/31/2024,Thursday,24,33,47,50,51,1
10/30/2024,Wednesday,9,16,38,42,55,3
10/29/2024,Tuesday,12,23,24,31,44,2
10/28/2024,Monday,14,21,36,43,59,4
10/27/2024,Sunday,1,4,15,29,56,3
10/26/2024,Saturday,31,36,45,52,54,2
10/25/2024,Friday,5,15,27,40,46,3
10/24/2024,Thursday,8,12,33,47,51,3
10/23/2024,Wednesday,32,33,37,54,59,2
10/22/2024,Tuesday,14,18,36,46,55,3
10/21/2024,Monday,4,6,22,43,59,3
10/20/2024,Sunday,6,18,40,51,60,3
10/19/2024,Saturday,7,9,17,23,49,4
10/18/2024,Friday,1,23,41,43,59,1
10/17/2024,Thursday,17,20,34,40,46,2
10/16/2024,Wednesday,2,37,38,39,42,1
10/15/2024,Tuesday,3,10,24,26,48,4
10/14/2024,Monday,9,32,44,48,50,4
10/13/2024,Sunday,14,38,48,50,60,1
10/12/2024,Saturday,13,17,18,26,37,2
10/11/2024,Friday,32,37,43,45,58,3
10/10/2024,Thursday,5,7,12,34,60,3
10/09/2024,Wednesday,7,12,21,44,47,3
10/08/2024,Tuesday,23,26,49,54,55,3
10/07/2024,Monday,8,14,25,34,47,2
10/06/2024,Sunday,23,26,31,46,57,4
10/05/2024,Saturday,20,27,28,35,38,2
10/04/2024,Friday,12,13,31,46,54,2
10/03/2024,Thursday,1,5,26,30,46,1
10/02/2024,Wednesday,3,12,13,37,60,1
10/01/2024,Tuesday,2,19,34,45,47,2
09/30/2024,Monday,14,16,44,46,52,4
09/29/2024,Sunday,1,5,8,16,34,2
09/28/2024,Saturday,1,8,17,43,53,4
09/27/2024,Friday,1,5,6,27,55,4
09/26/2024,Thursday,5,8,9,42,49,2
09/25/2024,Wednesday,6,26,48,55,58,4
09/24/2024,Tuesday,19,22,29,40,50,3
09/23/2024,Monday,14,15,26,29,56,4
09/22/2024,Sunday,6,22,34,47,53,2
09/21/2024,Saturday,22,44,47,51,57,3
09/20/2024,Friday,1,7,31,52,53,3
09/19/2024,Thursday,14,26,41,51,56,2
09/18/2024,Wednesday,17,19,20,49,50,2
09/17/2024,Tuesday,3,11,33,36,45,1
09/16/2024,Monday,18,22,31,38,55,4
09/15/2024,Sunday,5,15,40,51,57,2
09/14/2024,Saturday,14,31,38,39,55,2
09/13/2024,Friday,36,38,46,47,48,4
09/12/2024,Thursday,13,45,46,53,57,3
09/11/2024,Wednesday,13,27,41,47,53,1
09/10/2024,Tuesday,1,2,14,21,32,3
09/09/2024,Monday,14,31,34,44,52,3
09/08/2024,Sunday,4,28,31,49,60,2
09/07/2024,Saturday,2,12,19,25,56,3
09/06/2024,Friday,5,27,33,49,56,3
09/05/2024,Thursday,2,22,31,48,56,1
09/04/2024,Wednesday,13,22,27,35,46,2
09/03/2024,Tuesday,22,28,30,51,55,1
09/02/2024,Monday,5,28,29,47,50,1
09/01/2024,Sunday,6,21,33,49,50,2
08/31/2024,Saturday,18,22,25,36,37,4
08/30/2024,Friday,10,12,14,28,29,3
08/29/2024,Thursday,5,20,33,40,48,3
08/28/2024,Wednesday,4,9,34,38,42,1
08/27/2024,Tuesday,9,22,47,48,59,4
08/26/2024,Monday,8,15,20,40,41,2
08/25/2024,Sunday,4,16,29,35,55,4
08/24/2024,Saturday,1,10,37,45,49,2
08/23/2024,Friday,21,26,32,39,58,2
08/22/2024,Thursday,21,28,30,40,53,1
08/21/2024,Wednesday,4,6,19,40,50,3
08/20/2024,Tuesday,9,18,32,37,46,4
08/19/2024,Monday,5,16,19,30,36,3
08/18/2024,Sunday,8,9,21,44,53,4
08/17/2024,Saturday,7,11,22,28,30,1
08/16/2024,Friday,8,10,25,40,45,1
08/15/2024,Thursday,4,20,49,57,60,4
08/14/2024,Wednesday,3,10,12,40,54,2
08/13/2024,Tuesday,18,25,33,36,56,1
08/12/2024,Monday,2,5,19,35,55,4
08/11/2024,Sunday,7,11,40,45,46,2
08/10/2024,Saturday,8,13,20,25,39,2
08/09/2024,Friday,5,18,26,36,43,4
08/08/2024,Thursday,3,6,17,28,58,3
08/07/2024,Wednesday,18,24,37,50,56,1
08/06/2024,Tuesday,1,5,36,38,57,3
08/05/2024,Monday,8,25,33,38,46,2
08/04/2024,Sunday,1,14,41,44,45,3
08/03/2024,Saturday,25,35,36,41,59,2
08/02/2024,Friday,20,22,34,35,43,2
08/01/2024,Thursday,18,46,52,53,58,1
07/31/2024,Wednesday,25,27,49,52,54,2
07/30/2024,Tuesday,42,45,48,49,50,4
07/29/2024,Monday,9,10,28,34,53,1
07/28/2024,Sunday,23,42,43,49,56,2
07/27/2024,Saturday,15,38,44,53,60,3
07/26/2024,Friday,2,25,33,56,59,1
07/25/2024,Thursday,11,12,29,52,60,3
07/24/2024,Wednesday,2,11,17,19,29,3
07/23/2024,Tuesday,8,11,24,32,38,4
07/22/2024,Monday,11,16,21,34,45,1
07/21/2024,Sunday,15,24,28,33,36,4
07/20/2024,Saturday,1,5,23,41,49,1
07/19/2024,Friday,33,47,57,59,60,2
07/18/2024,Thursday,1,11,16,31,44,2
07/17/2024,Wednesday,5,17,28,43,54,4
07/16/2024,Tuesday,3,14,29,51,53,3
07/15/2024,Monday,14,15,29,31,50,3
07/14/2024,Sunday,13,19,21,25,26,3
07/13/2024,Saturday,13,35,36,38,49,2
07/12/2024,Friday,3,6,13,21,58,2
07/11/2024,Thursday,5,14,31,42,52,2
07/10/2024,Wednesday,10,19,38,48,59,4
07/09/2024,Tuesday,3,17,32,52,58,3
07/08/2024,Monday,14,17,29,50,51,3
07/07/2024,Sunday,3,9,30,47,49,1
07/06/2024,Saturday,12,25,38,43,59,1
07/05/2024,Friday,6,23,24,53,57,3
07/04/2024,Thursday,9,30,35,37,50,1
07/03/2024,Wednesday,8,10,31,34,40,3
07/02/2024,Tuesday,2,16,18,32,48,3
07/01/2024,Monday,3,20,34,46,57,4
06/30/2024,Sunday,24,36,37,38,52,4
06/29/2024,Saturday,13,20,27,39,60,3
06/28/2024,Friday,26,28,49,50,56,2
06/27/2024,Thursday,4,15,17,34,35,4
06/26/2024,Wednesday,39,44,46,51,58,1
06/25/2024,Tuesday,4,8,16,48,57,1
06/24/2024,Monday,2,13,22,56,60,2
06/23/2024,Sunday,9,16,27,37,57,2
06/22/2024,Saturday,1,8,12,34,55,4
06/21/2024,Friday,5,7,9,35,58,1
06/20/2024,Thursday,13,15,30,54,57,2
06/19/2024,Wednesday,4,11,23,43,45,1
06/18/2024,Tuesday,6,10,12,19,36,4
06/17/2024,Monday,7,10,34,49,56,3
06/16/2024,Sunday,33,38,41,43,57,3
06/15/2024,Saturday,2,31,32,36,45,3
06/14/2024,Friday,2,14,17,40,60,2
06/13/2024,Thursday,1,23,34,35,36,1
06/12/2024,Wednesday,8,11,27,49,60,1
06/11/2024,Tuesday,3,12,30,41,45,1
06/10/2024,Monday,6,29,38,41,48,2
06/09/2024,Sunday,35,39,41,50,53,1
06/08/2024,Saturday,6,33,41,52,60,4
06/07/2024,Friday,25,43,44,57,60,2
06/06/2024,Thursday,3,8,15,38,41,1
06/05/2024,Wednesday,24,34,36,38,52,2
06/04/2024,Tuesday,3,24,26,33,56,2
06/03/2024,Monday,1,8,10,26,45,4
06/02/2024,Sunday,9,23,25,38,56,2
06/01/2024,Saturday,17,29,38,40,59,3
05/31/2024,Friday,8,27,32,45,46,3
05/30/2024,Thursday,12,26,36,46,56,2
05/29/2024,Wednesday,15,19,20,43,45,1
05/28/2024,Tuesday,1,3,21,23,60,1
05/27/2024,Monday,2,14,16,22,56,4
05/26/2024,Sunday,3,15,24,26,50,3
05/25/2024,Saturday,16,17,34,38,42,4
05/24/2024,Friday,1,4,8,28,44,1
05/23/2024,Thursday,10,14,30,37,56,1
05/22/2024,Wednesday,7,13,19,22,40,2
05/21/2024,Tuesday,5,30,38,51,56,1
05/20/2024,Monday,5,28,43,44,50,4
05/19/2024,Sunday,5,9,13,52,57,3
05/18/2024,Saturday,1,11,27,39,54,3
05/17/2024,Friday,8,12,16,35,39,3
05/16/2024,Thursday,9,33,52,54,57,3
05/15/2024,Wednesday,8,14,25,36,58,1
05/14/2024,Tuesday,21,24,25,27,34,2
05/13/2024,Monday,1,8,19,22,40,1
05/12/2024,Sunday,2,7,38,39,57,4
05/11/2024,Saturday,2,14,41,44,47,3
05/10/2024,Friday,16,26,39,42,47,4
05/09/2024,Thursday,12,15,24,36,50,2
05/08/2024,Wednesday,4,10,36,43,51,4
05/07/2024,Tuesday,6,9,17,31,59,2
05/06/2024,Monday,11,37,48,50,57,4
05/05/2024,Sunday,3,15,37,40,52,1
05/04/2024,Saturday,5,10,23,26,35,4
05/03/2024,Friday,3,7,9,25,42,4
05/02/2024,Thursday,4,25,30,43,57,2
05/01/2024,Wednesday,9,13,27,31,44,3
04/30/2024,Tuesday,5,23,26,29,33,3
04/29/2024,Monday,13,26,35,46,50,1
04/28/2024,Sunday,2,21,32,49,52,2
04/27/2024,Saturday,5,7,28,44,52,1
04/26/2024,Friday,13,15,23,28,33,4
04/25/2024,Thursday,3,7,39,49,58,1
04/24/2024,Wednesday,23,35,36,41,44,4
04/23/2024,Tuesday,19,23,30,44,50,1
04/22/2024,Monday,6,16,45,49,54,2
04/21/2024,Sunday,2,8,46,53,55,2
04/20/2024,Saturday,1,27,35,55,58,1
04/19/2024,Friday,9,12,13,21,40,4
04/18/2024,Thursday,5,36,38,45,59,1
04/17/2024,Wednesday,10,14,32,55,56,2
04/16/2024,Tuesday,6,7,37,44,54,2
04/15/2024,Monday,29,32,35,43,44,2
04/14/2024,Sunday,16,28,33,54,55,1
04/13/2024,Saturday,14,21,24,27,38,2
04/12/2024,Friday,12,31,49,54,56,3
04/11/2024,Thursday,6,23,32,33,59,4
04/10/2024,Wednesday,17,24,39,40,41,1
04/09/2024,Tuesday,11,13,27,29,31,4
04/08/2024,Monday,6,10,18,50,52,2
04/07/2024,Sunday,3,16,40,45,56,4
04/06/2024,Saturday,17,23,31,46,48,1
04/05/2024,Friday,2,5,15,25,57,2
04/04/2024,Thursday,23,26,28,30,36,3
04/03/2024,Wednesday,19,29,37,47,51,1
04/02/2024,Tuesday,26,27,43,50,56,3
04/01/2024,Monday,12,23,25,29,45,4
03/31/2024,Sunday,25,38,44,55,57,4
03/30/2024,Saturday,3,8,36,52,57,1
03/29/2024,Friday,10,12,13,50,56,3
03/28/2024,Thursday,3,16,21,39,51,2
03/27/2024,Wednesday,2,34,38,43,51,1
03/26/2024,Tuesday,34,38,39,42,52,3
03/25/2024,Monday,15,29,31,38,57,2
03/24/2024,Sunday,14,15,23,53,54,2
03/23/2024,Saturday,33,39,43,51,59,4
03/22/2024,Friday,3,11,21,38,42,2
03/21/2024,Thursday,8,11,25,49,56,4
03/20/2024,Wednesday,37,43,49,51,56,2
03/19/2024,Tuesday,7,10,29,41,51,4
03/18/2024,Monday,5,11,20,23,57,2
03/17/2024,Sunday,16,51,52,55,56,1
03/16/2024,Saturday,7,14,17,40,49,3
03/15/2024,Friday,23,28,44,46,47,1
03/14/2024,Thursday,7,12,14,50,52,3
03/13/2024,Wednesday,2,8,28,29,49,2
03/12/2024,Tuesday,3,9,24,27,39,3
03/11/2024,Monday,7,13,16,26,27,2
03/10/2024,Sunday,5,13,17,42,43,4
03/09/2024,Saturday,1,6,23,37,56,3
03/08/2024,Friday,16,37,42,49,51,2
03/07/2024,Thursday,31,34,40,51,60,1
03/06/2024,Wednesday,10,26,44,52,55,1
03/05/2024,Tuesday,9,25,39,46,58,2
03/04/2024,Monday,13,36,41,49,55,1
03/03/2024,Sunday,38,39,46,48,52,4
03/02/2024,Saturday,5,21,33,44,56,3
03/01/2024,Friday,6,21,36,39,55,1
02/29/2024,Thursday,6,7,21,26,57,2
02/28/2024,Wednesday,7,8,19,22,33,2
02/27/2024,Tuesday,3,17,27,53,59,2
02/26/2024,Monday,11,34,40,43,55,2
02/25/2024,Sunday,13,32,34,44,50,3
02/24/2024,Saturday,6,8,36,50,51,4
02/23/2024,Friday,9,36,41,46,47,2
02/22/2024,Thursday,2,8,24,47,51,4
02/21/2024,Wednesday,12,26,29,30,32,1
02/20/2024,Tuesday,5,20,23,32,43,3
02/19/2024,Monday,1,39,49,53,54,3
02/18/2024,Sunday,7,22,28,42,45,4
02/17/2024,Saturday,5,38,44,48,55,3
02/16/2024,Friday,2,28,41,45,59,2
02/15/2024,Thursday,15,30,37,39,59,2
02/14/2024,Wednesday,13,18,41,44,51,3
02/13/2024,Tuesday,3,7,21,41,49,1
02/12/2024,Monday,5,16,26,32,39,1
02/11/2024,Sunday,1,21,38,39,59,4
02/10/2024,Saturday,8,23,34,39,55,3
02/09/2024,Friday,22,27,33,44,59,1
02/08/2024,Thursday,5,10,25,38,57,4
02/07/2024,Wednesday,38,40,45,47,57,3
02/06/2024,Tuesday,2,3,13,22,23,4
02/05/2024,Monday,19,31,39,45,54,4
02/04/2024,Sunday,30,32,37,47,59,4
02/03/2024,Saturday,10,19,39,41,58,2
02/02/2024,Friday,19,31,34,38,41,1
02/01/2024,Thursday,4,17,18,19,44,4
01/31/2024,Wednesday,5,13,51,52,59,4
01/30/2024,Tuesday,4,28,35,47,57,4
01/29/2024,Monday,12,42,43,45,53,3
01/28/2024,Sunday,6,15,29,35,36,3
01/27/2024,Saturday,17,19,29,42,47,1
01/26/2024,Friday,5,8,29,32,42,4
01/25/2024,Thursday,9,28,55,58,59,4
01/24/2024,Wednesday,1,9,22,27,50,1
01/23/2024,Tuesday,6,21,42,43,54,2
01/22/2024,Monday,26,28,43,50,56,3
01/21/2024,Sunday,12,26,34,51,55,3
01/20/2024,Saturday,8,34,36,51,52,2
01/19/2024,Friday,30,35,42,47,50,4
01/18/2024,Thursday,2,3,4,25,57,3
01/17/2024,Wednesday,28,41,49,55,57,4
01/16/2024,Tuesday,10,11,26,30,45,1
01/15/2024,Monday,17,28,30,37,48,3
01/14/2024,Sunday,3,16,27,28,44,1
01/13/2024,Saturday,5,17,23,25,47,1
01/12/2024,Friday,29,43,51,56,57,3
01/11/2024,Thursday,24,25,27,32,52,3
01/10/2024,Wednesday,14,16,40,47,58,4
01/09/2024,Tuesday,2,9,13,25,47,1
01/08/2024,Monday,35,38,50,52,56,4
01/07/2024,Sunday,11,12,23,34,39,4
01/06/2024,Saturday,5,7,26,28,42,1
01/05/2024,Friday,7,10,28,36,57,1
01/04/2024,Thursday,6,10,19,27,51,2
01/03/2024,Wednesday,12,28,32,46,51,4
01/02/2024,Tuesday,12,20,33,53,54,3
01/01/2024,Monday,23,27,36,45,60,1
12/31/2023,Sunday,16,17,22,36,54,3
12/30/2023,Saturday,11,23,34,42,58,4
12/29/2023,Friday,6,13,26,39,41,4
12/28/2023,Thursday,5,7,10,32,58,3
12/27/2023,Wednesday,1,7,10,25,32,3
12/26/2023,Tuesday,3,33,36,44,51,4
12/25/2023,Monday,19,29,48,51,53,4
12/24/2023,Sunday,5,21,23,48,57,2
12/23/2023,Saturday,13,35,36,38,49,1
12/22/2023,Friday,26,42,49,57,60,3
12/21/2023,Thursday,1,10,11,36,38,1
12/20/2023,Wednesday,15,26,28,34,37,1
12/19/2023,Tuesday,9,17,26,29,41,3
12/18/2023,Monday,4,18,28,36,60,2
12/17/2023,Sunday,8,31,41,49,58,3
12/16/2023,Saturday,14,18,38,50,54,2
12/15/2023,Friday,7,19,34,51,55,4
12/14/2023,Thursday,10,11,22,36,52,3
12/13/2023,Wednesday,5,20,23,48,53,3
12/12/2023,Tuesday,11,12,52,57,58,4
12/11/2023,Monday,5,6,7,26,52,2
12/10/2023,Sunday,2,4,18,32,40,3
12/09/2023,Saturday,21,30,34,42,52,1
12/08/2023,Friday,22,37,40,52,59,3
12/07/2023,Thursday,16,24,32,38,52,2
12/06/2023,Wednesday,8,14,38,40,46,4
12/05/2023,Tuesday,17,28,49,56,59,4
12/04/2023,Monday,5,12,14,24,33,2
12/03/2023,Sunday,4,7,13,35,45,1
12/02/2023,Saturday,12,13,31,36,42,4
12/01/2023,Friday,14,31,36,56,60,3
11/30/2023,Thursday,7,14,21,58,60,1
11/29/2023,Wednesday,1,26,27,51,59,1
11/28/2023,Tuesday,13,24,44,59,60,1
11/27/2023,Monday,10,24,35,50,59,3
11/26/2023,Sunday,6,7,15,18,26,4
11/25/2023,Saturday,35,37,45,47,55,1
11/24/2023,Friday,28,41,44,53,56,3
11/23/2023,Thursday,35,44,46,50,55,3
11/22/2023,Wednesday,1,21,32,48,51,3
11/21/2023,Tuesday,5,11,25,34,46,2
11/20/2023,Monday,1,16,31,38,45,1
11/19/2023,Sunday,3,19,21,40,48,2
11/18/2023,Saturday,11,12,35,39,45,1
11/17/2023,Friday,3,31,33,48,55,1
11/16/2023,Thursday,1,9,24,56,60,1
11/15/2023,Wednesday,19,21,22,26,35,1
11/14/2023,Tuesday,3,15,31,39,58,4
11/13/2023,Monday,5,16,21,50,57,1
11/12/2023,Sunday,1,21,41,56,57,2
11/11/2023,Saturday,4,11,15,27,52,2
11/10/2023,Friday,13,35,55,56,58,4
11/09/2023,Thursday,5,9,18,50,54,3
11/08/2023,Wednesday,16,24,37,52,56,4
11/07/2023,Tuesday,2,22,23,34,46,1
11/06/2023,Monday,10,33,51,52,54,1
11/05/2023,Sunday,19,24,33,47,54,3
11/04/2023,Saturday,6,9,10,51,58,3
11/03/2023,Friday,14,21,30,32,55,2
11/02/2023,Thursday,16,34,40,46,52,1
11/01/2023,Wednesday,7,10,14,47,48,1
10/31/2023,Tuesday,5,14,37,54,59,3
10/30/2023,Monday,2,25,32,40,47,2
10/29/2023,Sunday,11,15,33,38,48,4
10/28/2023,Saturday,24,35,54,55,58,3
10/27/2023,Friday,10,12,25,38,51,1
10/26/2023,Thursday,22,30,32,43,51,3
10/25/2023,Wednesday,11,16,21,25,45,2
10/24/2023,Tuesday,17,36,43,46,58,1
10/23/2023,Monday,8,9,30,38,59,1
10/22/2023,Sunday,17,18,32,36,42,3
10/21/2023,Saturday,6,9,14,21,29,4
10/20/2023,Friday,5,13,22,27,57,2
10/19/2023,Thursday,3,7,44,47,55,3
10/18/2023,Wednesday,2,16,18,43,57,3
10/17/2023,Tuesday,5,12,17,18,29,3
10/16/2023,Monday,13,15,16,19,33,1
10/15/2023,Sunday,3,6,11,15,17,3
10/14/2023,Saturday,8,12,23,42,43,4
10/13/2023,Friday,12,16,24,37,55,3
10/12/2023,Thursday,7,10,15,31,60,4
10/11/2023,Wednesday,1,9,27,42,56,1
10/10/2023,Tuesday,8,12,24,39,60,4
10/09/2023,Monday,9,24,46,58,59,4
10/08/2023,Sunday,2,10,31,52,53,2
10/07/2023,Saturday,3,9,14,26,53,3
10/06/2023,Friday,17,30,34,39,52,4
10/05/2023,Thursday,11,19,37,49,52,1
10/04/2023,Wednesday,8,15,26,33,60,2
10/03/2023,Tuesday,7,10,14,24,55,3
10/02/2023,Monday,6,28,49,52,59,1
10/01/2023,Sunday,3,41,42,46,53,3
09/30/2023,Saturday,10,13,15,23,40,1
09/29/2023,Friday,6,8,25,32,50,4
09/28/2023,Thursday,3,9,14,28,52,2
09/27/2023,Wednesday,6,18,34,36,47,1
09/26/2023,Tuesday,8,9,12,24,59,1
09/25/2023,Monday,13,16,22,50,54,4
09/24/2023,Sunday,6,8,42,54,60,2
09/23/2023,Saturday,15,19,23,38,55,4
09/22/2023,Friday,2,32,49,57,59,2
09/21/2023,Thursday,8,16,19,47,60,4
09/20/2023,Wednesday,10,15,41,43,51,4
09/19/2023,Tuesday,2,3,6,18,19,1
09/18/2023,Monday,6,42,49,52,55,2
09/17/2023,Sunday,8,29,44,59,60,3
09/16/2023,Saturday,5,8,19,45,47,3
09/15/2023,Friday,2,4,21,24,51,4
09/14/2023,Thursday,9,17,39,48,59,3
09/13/2023,Wednesday,1,31,51,56,60,2
09/12/2023,Tuesday,8,33,40,46,57,2
09/11/2023,Monday,1,9,19,28,52,1
09/10/2023,Sunday,20,21,25,43,45,4
09/09/2023,Saturday,2,6,41,55,57,2
09/08/2023,Friday,1,2,24,46,49,3
09/07/2023,Thursday,15,26,28,51,54,3
09/06/2023,Wednesday,2,10,32,47,53,2
09/05/2023,Tuesday,7,19,43,54,56,1
09/04/2023,Monday,3,38,40,44,50,2
09/03/2023,Sunday,13,23,53,58,59,4
09/02/2023,Saturday,7,35,38,57,59,3
09/01/2023,Friday,7,18,20,31,46,1
08/31/2023,Thursday,18,26,37,44,55,4
08/30/2023,Wednesday,3,16,18,20,46,4
08/29/2023,Tuesday,4,18,23,51,53,1
08/28/2023,Monday,15,21,33,40,44,3
08/27/2023,Sunday,16,42,48,51,58,3
08/26/2023,Saturday,13,44,50,52,55,2
08/25/2023,Friday,33,38,44,45,58,3
08/24/2023,Thursday,9,13,23,30,51,1
08/23/2023,Wednesday,3,27,29,30,47,1
08/22/2023,Tuesday,1,15,40,44,55,3
08/21/2023,Monday,5,21,45,51,53,2
08/20/2023,Sunday,5,28,32,39,54,4
08/19/2023,Saturday,24,29,37,49,54,1
08/18/2023,Friday,3,8,42,44,47,4
08/17/2023,Thursday,9,14,22,27,39,4
08/16/2023,Wednesday,26,35,57,58,59,4
08/15/2023,Tuesday,10,14,15,30,50,2
08/14/2023,Monday,13,27,28,52,59,1
08/13/2023,Sunday,1,3,43,47,59,2
08/12/2023,Saturday,13,15,45,53,59,2
08/11/2023,Friday,8,18,38,44,48,3
08/10/2023,Thursday,38,44,50,51,53,3
08/09/2023,Wednesday,17,21,29,34,48,1
08/08/2023,Tuesday,13,18,39,52,60,4
08/07/2023,Monday,10,16,31,36,45,1
08/06/2023,Sunday,5,9,39,49,58,4
08/05/2023,Saturday,4,15,21,33,60,4
08/04/2023,Friday,16,48,51,55,60,4
08/03/2023,Thursday,11,22,31,43,56,1
08/02/2023,Wednesday,12,16,19,25,26,1
08/01/2023,Tuesday,17,20,35,51,52,2
07/31/2023,Monday,9,14,22,24,29,3
07/30/2023,Sunday,2,8,22,41,60,3
07/29/2023,Saturday,6,11,22,26,53,3
07/28/2023,Friday,27,32,43,45,51,2
07/27/2023,Thursday,2,36,37,43,57,1
07/26/2023,Wednesday,15,21,37,39,42,1
07/25/2023,Tuesday,1,12,17,44,52,3
07/24/2023,Monday,13,45,51,55,57,4
07/23/2023,Sunday,9,15,25,32,53,2
07/22/2023,Saturday,20,39,41,42,60,2
07/21/2023,Friday,16,27,31,32,52,1
07/20/2023,Thursday,1,4,5,6,39,4
07/19/2023,Wednesday,28,31,37,46,58,3
07/18/2023,Tuesday,9,17,47,53,56,1
07/17/2023,Monday,19,28,46,52,53,3
07/16/2023,Sunday,12,20,28,44,47,3
07/15/2023,Saturday,14,26,28,33,45,4
07/14/2023,Friday,14,27,29,34,46,3
07/13/2023,Thursday,4,12,30,33,45,3
07/12/2023,Wednesday,9,16,36,40,59,1
07/11/2023,Tuesday,5,10,16,46,53,2
07/10/2023,Monday,4,9,33,38,55,1
07/09/2023,Sunday,11,28,30,34,47,1
07/08/2023,Saturday,9,17,36,40,51,4
07/07/2023,Friday,11,16,23,45,53,3
07/06/2023,Thursday,12,21,27,42,56,3
07/05/2023,Wednesday,9,22,24,34,41,4
07/04/2023,Tuesday,3,9,28,30,57,1
07/03/2023,Monday,6,22,30,36,56,2
07/02/2023,Sunday,28,31,39,53,60,3
07/01/2023,Saturday,7,31,40,57,58,4
06/30/2023,Friday,10,14,22,28,51,4
06/29/2023,Thursday,2,13,19,25,29,3
06/28/2023,Wednesday,8,15,19,29,36,3
06/27/2023,Tuesday,2,6,10,35,37,3
06/26/2023,Monday,36,38,42,48,60,4
06/25/2023,Sunday,5,41,43,48,50,3
06/24/2023,Saturday,7,10,14,23,42,4
06/23/2023,Friday,23,32,41,44,49,1
06/22/2023,Thursday,9,31,56,57,60,1
06/21/2023,Wednesday,20,26,29,41,44,1
06/20/2023,Tuesday,23,34,36,44,45,4
06/19/2023,Monday,5,13,27,33,34,3
06/18/2023,Sunday,19,24,26,51,59,4
06/17/2023,Saturday,11,14,21,41,58,2
06/16/2023,Friday,27,29,36,38,57,2
06/15/2023,Thursday,6,14,15,25,38,3
06/14/2023,Wednesday,18,28,42,45,54,3
06/13/2023,Tuesday,11,14,26,41,49,4
06/12/2023,Monday,3,25,35,49,50,3
06/11/2023,Sunday,11,22,23,42,57,4
06/10/2023,Saturday,15,43,48,51,53,1
06/09/2023,Friday,19,25,47,48,56,2
06/08/2023,Thursday,38,46,49,50,59,2
06/07/2023,Wednesday,9,10,18,24,37,2
06/06/2023,Tuesday,8,9,17,22,56,2
06/05/2023,Monday,1,5,7,44,52,2
06/04/2023,Sunday,29,37,41,45,52,4
06/03/2023,Saturday,1,36,49,52,54,3
06/02/2023,Friday,13,28,40,55,57,1
06/01/2023,Thursday,20,24,37,41,52,3
05/31/2023,Wednesday,9,10,13,37,56,1
05/30/2023,Tuesday,11,13,27,29,50,1
05/29/2023,Monday,20,32,37,43,57,4
05/28/2023,Sunday,9,14,22,25,51,2
05/27/2023,Saturday,8,32,34,55,57,4
05/26/2023,Friday,18,21,29,43,51,2
05/25/2023,Thursday,6,7,16,18,40,3
05/24/2023,Wednesday,13,37,46,49,56,3
05/23/2023,Tuesday,13,18,28,31,35,2
05/22/2023,Monday,1,36,39,57,60,3
05/21/2023,Sunday,2,3,18,55,56,4
05/20/2023,Saturday,13,30,31,37,52,2
05/19/2023,Friday,10,13,32,47,52,4
05/18/2023,Thursday,4,16,22,26,47,1
05/17/2023,Wednesday,14,39,48,58,59,4
05/16/2023,Tuesday,6,23,33,45,53,1
05/15/2023,Monday,1,6,20,46,54,4
05/14/2023,Sunday,5,16,24,29,57,3
05/13/2023,Saturday,6,8,33,39,40,4
05/12/2023,Friday,13,15,19,42,45,3
05/11/2023,Thursday,11,22,39,50,56,1
05/10/2023,Wednesday,1,5,8,23,46,1
05/09/2023,Tuesday,11,28,31,35,37,1
05/08/2023,Monday,4,18,31,34,50,3
05/07/2023,Sunday,19,29,31,41,43,4
05/06/2023,Saturday,25,31,34,35,52,2
05/05/2023,Friday,14,28,49,54,55,3
05/04/2023,Thursday,1,6,13,16,36,3
05/03/2023,Wednesday,17,26,37,43,53,2
05/02/2023,Tuesday,6,19,35,49,56,4
05/01/2023,Monday,37,41,42,46,48,1
04/30/2023,Sunday,1,29,30,35,55,1
04/29/2023,Saturday,11,30,32,39,51,4
04/28/2023,Friday,25,34,44,51,52,3
04/27/2023,Thursday,1,4,24,47,58,3
04/26/2023,Wednesday,1,9,31,55,59,2
04/25/2023,Tuesday,23,24,29,41,54,1
04/24/2023,Monday,21,22,41,50,51,3
04/23/2023,Sunday,9,11,26,46,52,1
04/22/2023,Saturday,6,13,32,50,51,4
04/21/2023,Friday,5,13,20,26,40,1
04/20/2023,Thursday,9,13,15,39,56,3
04/19/2023,Wednesday,17,19,20,44,57,2
04/18/2023,Tuesday,8,12,16,18,21,4
04/17/2023,Monday,10,23,26,39,57,3
04/16/2023,Sunday,22,37,44,45,48,2
04/15/2023,Saturday,16,19,24,30,53,1
04/14/2023,Friday,3,5,7,30,34,3
04/13/2023,Thursday,5,8,29,54,55,2
04/12/2023,Wednesday,19,29,34,37,46,3
04/11/2023,Tuesday,1,14,30,45,49,4
04/10/2023,Monday,29,30,35,48,55,2
04/09/2023,Sunday,9,16,21,27,28,4
04/08/2023,Saturday,24,26,38,50,55,4
04/07/2023,Friday,10,17,20,21,54,4
04/06/2023,Thursday,1,5,39,41,60,4
04/05/2023,Wednesday,3,16,18,32,37,1
04/04/2023,Tuesday,6,10,27,29,43,4
04/03/2023,Monday,8,25,44,51,55,4
04/02/2023,Sunday,4,21,37,50,54,1
04/01/2023,Saturday,14,17,30,38,45,4
03/31/2023,Friday,12,13,34,35,36,2
03/30/2023,Thursday,15,25,35,44,47,2
03/29/2023,Wednesday,2,13,16,39,46,3
03/28/2023,Tuesday,35,40,43,49,54,3
03/27/2023,Monday,6,29,37,38,46,1
03/26/2023,Sunday,5,26,28,43,45,4
03/25/2023,Saturday,15,18,19,45,58,4
03/24/2023,Friday,4,7,22,51,52,3
03/23/2023,Thursday,6,19,21,26,41,2
03/22/2023,Wednesday,1,10,22,30,36,1
03/21/2023,Tuesday,20,32,36,45,56,4
03/20/2023,Monday,32,34,38,44,45,4
03/19/2023,Sunday,2,8,19,47,52,2
03/18/2023,Saturday,16,23,26,36,37,1
03/17/2023,Friday,7,9,30,38,59,3
03/16/2023,Thursday,13,24,31,33,37,4
03/15/2023,Wednesday,10,20,24,47,50,4
03/14/2023,Tuesday,1,11,27,41,44,1
03/13/2023,Monday,8,15,34,35,57,4
03/12/2023,Sunday,16,20,25,40,56,3
03/11/2023,Saturday,14,27,46,51,53,2
03/10/2023,Friday,15,18,29,38,39,1
03/09/2023,Thursday,12,37,42,48,56,1
03/08/2023,Wednesday,2,15,20,39,42,1
03/07/2023,Tuesday,2,4,22,26,51,1
03/06/2023,Monday,16,22,23,26,49,1
03/05/2023,Sunday,3,13,41,47,52,4
03/04/2023,Saturday,2,5,16,18,59,3
03/03/2023,Friday,25,38,57,59,60,2
03/02/2023,Thursday,5,9,15,29,60,1
03/01/2023,Wednesday,3,5,22,46,56,4
02/28/2023,Tuesday,3,7,19,38,51,3
02/27/2023,Monday,7,26,33,50,53,4
02/26/2023,Sunday,13,17,18,50,60,2
02/25/2023,Saturday,9,12,34,35,56,1
02/24/2023,Friday,15,21,39,45,49,1
02/23/2023,Thursday,15,16,28,44,57,2
02/22/2023,Wednesday,23,30,35,37,51,3
02/21/2023,Tuesday,7,20,30,31,52,2
02/20/2023,Monday,13,21,23,49,51,3
02/19/2023,Sunday,8,37,43,56,57,2
02/18/2023,Saturday,2,7,9,27,51,3
02/17/2023,Friday,6,26,36,43,45,1
02/16/2023,Thursday,14,17,27,28,48,4
02/15/2023,Wednesday,4,18,35,48,50,1
02/14/2023,Tuesday,6,16,26,49,60,3
02/13/2023,Monday,9,11,12,30,38,4
02/12/2023,Sunday,10,12,34,44,53,1
02/11/2023,Saturday,11,19,24,49,57,1
02/10/2023,Friday,5,8,30,43,46,2
02/09/2023,Thursday,12,17,24,35,45,2
02/08/2023,Wednesday,1,5,7,30,36,4
02/07/2023,Tuesday,22,26,31,57,58,4
02/06/2023,Monday,5,8,28,30,55,1
02/05/2023,Sunday,18,20,34,36,44,2
02/04/2023,Saturday,15,37,44,49,54,3
02/03/2023,Friday,23,28,34,48,53,3
02/02/2023,Thursday,14,16,30,50,53,1
02/01/2023,Wednesday,3,14,29,39,52,1
01/31/2023,Tuesday,5,11,24,26,46,3
01/30/2023,Monday,36,43,46,55,59,2
01/29/2023,Sunday,7,31,47,54,56,1
01/28/2023,Saturday,39,40,42,45,51,3
01/27/2023,Friday,9,18,34,38,49,1
01/26/2023,Thursday,2,8,27,44,57,2
01/25/2023,Wednesday,9,23,27,45,58,1
01/24/2023,Tuesday,11,22,46,47,54,2
01/23/2023,Monday,16,17,21,30,60,2
01/22/2023,Sunday,18,23,30,42,48,4
01/21/2023,Saturday,4,21,28,32,36,1
01/20/2023,Friday,13,28,53,54,58,3
01/19/2023,Thursday,11,19,33,43,53,2
01/18/2023,Wednesday,8,22,39,41,47,2
01/17/2023,Tuesday,1,5,26,38,48,3
01/16/2023,Monday,22,28,32,44,54,3
01/15/2023,Sunday,23,27,34,43,44,4
01/14/2023,Saturday,12,19,24,27,45,2
01/13/2023,Friday,1,13,16,20,50,4
01/12/2023,Thursday,13,16,19,43,44,3
01/11/2023,Wednesday,13,20,26,44,46,4
01/10/2023,Tuesday,3,15,44,53,57,2
01/09/2023,Monday,1,7,8,17,52,1
01/08/2023,Sunday,1,10,23,32,54,3
01/07/2023,Saturday,7,13,19,58,60,1
01/06/2023,Friday,8,10,24,27,39,1
01/05/2023,Thursday,36,37,43,45,48,3
01/04/2023,Wednesday,1,5,6,28,41,2
01/03/2023,Tuesday,5,14,27,46,53,4
01/02/2023,Monday,1,9,13,17,45,4
01/01/2023,Sunday,15,26,31,44,53,4
12/31/2022,Saturday,1,4,6,25,60,4
12/30/2022,Friday,1,6,28,30,60,3
12/29/2022,Thursday,13,14,21,44,46,4
12/28/2022,Wednesday,10,23,35,39,59,3
12/27/2022,Tuesday,6,34,36,53,56,3
12/26/2022,Monday,7,10,24,29,51,4
12/25/2022,Sunday,1,32,37,53,56,2
12/24/2022,Saturday,10,18,33,37,40,1
12/23/2022,Friday,6,27,28,39,49,4
12/22/2022,Thursday,1,6,11,28,33,2
12/21/2022,Wednesday,17,25,26,51,58,3
12/20/2022,Tuesday,22,24,27,29,42,3
12/19/2022,Monday,13,40,44,48,49,3
12/18/2022,Sunday,2,15,25,43,49,3
12/17/2022,Saturday,11,15,42,43,60,4
12/16/2022,Friday,10,24,40,44,56,3
12/15/2022,Thursday,5,8,11,14,29,3
12/14/2022,Wednesday,12,25,41,57,58,3
12/13/2022,Tuesday,10,25,26,29,47,1
12/12/2022,Monday,5,18,21,50,52,4
12/11/2022,Sunday,4,21,42,55,58,1
12/10/2022,Saturday,5,14,21,31,50,1
12/09/2022,Friday,7,14,17,34,56,1
12/08/2022,Thursday,24,33,46,51,54,1
12/07/2022,Wednesday,5,25,26,34,52,3
12/06/2022,Tuesday,21,29,34,36,41,2
12/05/2022,Monday,25,36,50,59,60,2
12/04/2022,Sunday,22,28,32,49,55,2
12/03/2022,Saturday,11,32,36,42,57,3
12/02/2022,Friday,10,14,16,40,58,4
12/01/2022,Thursday,6,10,25,35,50,3
11/30/2022,Wednesday,18,21,24,33,44,1
11/29/2022,Tuesday,4,29,48,54,58,4
11/28/2022,Monday,20,24,40,48,59,1
11/27/2022,Sunday,18,23,24,58,59,2
11/26/2022,Saturday,11,18,41,44,58,4
11/25/2022,Friday,9,12,19,36,54,1
11/24/2022,Thursday,4,21,46,56,59,2
11/23/2022,Wednesday,4,16,48,58,59,1
11/22/2022,Tuesday,4,12,20,45,53,1
11/21/2022,Monday,7,26,31,37,44,1
11/20/2022,Sunday,12,36,42,43,59,3
11/19/2022,Saturday,2,3,35,42,58,1
11/18/2022,Friday,31,35,38,49,56,3
11/17/2022,Thursday,5,22,40,48,57,2
11/16/2022,Wednesday,1,33,48,52,55,4
11/15/2022,Tuesday,7,33,34,40,45,2
11/14/2022,Monday,4,9,12,41,53,3
11/13/2022,Sunday,14,25,30,44,54,2
11/12/2022,Saturday,6,19,23,43,53,1
11/11/2022,Friday,2,13,33,44,52,3
11/10/2022,Thursday,2,4,5,6,58,4
11/09/2022,Wednesday,2,3,4,14,26,2
11/08/2022,Tuesday,2,22,25,28,44,1
11/07/2022,Monday,18,19,25,33,41,4
11/06/2022,Sunday,12,20,27,32,33,3
11/05/2022,Saturday,6,21,34,37,42,3
11/04/2022,Friday,9,17,19,34,37,3
11/03/2022,Thursday,18,22,38,43,56,3
11/02/2022,Wednesday,26,28,43,53,56,1
11/01/2022,Tuesday,18,24,25,43,52,2
10/31/2022,Monday,14,26,31,37,41,3
10/30/2022,Sunday,7,9,22,58,60,3
10/29/2022,Saturday,3,25,37,55,59,4
10/28/2022,Friday,14,23,27,32,48,3
10/27/2022,Thursday,6,21,32,55,59,1
10/26/2022,Wednesday,32,44,46,54,59,4
10/25/2022,Tuesday,9,23,27,46,49,1
10/24/2022,Monday,6,15,45,48,53,1
10/23/2022,Sunday,7,18,24,32,35,4
10/22/2022,Saturday,2,21,29,30,32,1
10/21/2022,Friday,15,17,42,44,53,1
10/20/2022,Thursday,11,39,42,53,55,3
10/19/2022,Wednesday,20,29,30,48,59,4
10/18/2022,Tuesday,15,25,47,53,56,4
10/17/2022,Monday,11,23,24,29,45,1
10/16/2022,Sunday,14,16,30,59,60,3
10/15/2022,Saturday,25,41,54,56,58,3
10/14/2022,Friday,5,9,27,35,46,1
10/13/2022,Thursday,15,17,32,42,59,1
10/12/2022,Wednesday,13,16,26,27,51,2
10/11/2022,Tuesday,6,7,14,39,43,1
10/10/2022,Monday,18,22,40,42,56,2
10/09/2022,Sunday,4,8,17,36,39,3
10/08/2022,Saturday,15,30,34,42,49,2
10/07/2022,Friday,11,12,37,40,48,2
10/06/2022,Thursday,13,14,29,53,55,1
10/05/2022,Wednesday,15,38,44,54,55,3
10/04/2022,Tuesday,9,15,32,40,42,1
10/03/2022,Monday,12,25,30,42,52,2
10/02/2022,Sunday,5,18,27,34,54,2
10/01/2022,Saturday,6,14,23,32,33,3
09/30/2022,Friday,16,33,46,53,58,2
09/29/2022,Thursday,1,3,26,44,59,3
09/28/2022,Wednesday,23,44,47,50,57,2
09/27/2022,Tuesday,4,10,30,46,52,1
09/26/2022,Monday,1,8,11,31,57,4
09/25/2022,Sunday,6,13,35,43,53,1
09/24/2022,Saturday,10,22,47,57,60,2
09/23/2022,Friday,13,24,31,43,50,1
09/22/2022,Thursday,3,6,10,26,40,2
09/21/2022,Wednesday,1,4,43,48,60,1
09/20/2022,Tuesday,1,10,28,44,45,4
09/19/2022,Monday,16,18,37,48,54,3
09/18/2022,Sunday,8,41,45,50,54,4
09/17/2022,Saturday,2,21,32,42,54,4
09/16/2022,Friday,8,18,42,48,56,4
09/15/2022,Thursday,2,3,25,43,57,1
09/14/2022,Wednesday,14,21,25,33,44,3
09/13/2022,Tuesday,9,24,27,31,55,1
09/12/2022,Monday,21,31,37,42,60,1
09/11/2022,Sunday,14,23,27,32,51,3
09/10/2022,Saturday,6,23,34,48,52,3
09/09/2022,Friday,27,36,39,48,50,2
09/08/2022,Thursday,21,48,49,54,55,3
09/07/2022,Wednesday,2,14,39,47,59,3
09/06/2022,Tuesday,1,13,17,57,60,4
09/05/2022,Monday,8,12,25,43,55,1
09/04/2022,Sunday,10,11,20,28,36,2
09/03/2022,Saturday,17,34,36,56,60,2
09/02/2022,Friday,2,21,27,39,49,3
09/01/2022,Thursday,2,15,26,50,54,3
08/31/2022,Wednesday,9,19,31,39,54,4
08/30/2022,Tuesday,2,5,14,40,48,3
08/29/2022,Monday,1,2,24,31,51,3
08/28/2022,Sunday,16,23,27,29,57,4
08/27/2022,Saturday,5,19,20,23,38,3
08/26/2022,Friday,1,18,23,39,55,2
08/25/2022,Thursday,10,27,29,51,59,1
08/24/2022,Wednesday,7,15,33,42,53,4
08/23/2022,Tuesday,6,20,21,34,49,2
08/22/2022,Monday,5,14,48,51,57,1
08/21/2022,Sunday,2,21,30,48,58,1
08/20/2022,Saturday,13,23,37,57,60,1
08/19/2022,Friday,9,16,51,57,59,2
08/18/2022,Thursday,2,19,25,26,60,4
08/17/2022,Wednesday,31,33,39,48,53,3
08/16/2022,Tuesday,4,22,38,48,58,4
08/15/2022,Monday,10,11,17,42,58,4
08/14/2022,Sunday,12,21,45,51,57,2
08/13/2022,Saturday,5,9,27,33,57,2
08/12/2022,Friday,23,29,56,58,59,3
08/11/2022,Thursday,2,7,13,20,52,2
08/10/2022,Wednesday,15,26,45,49,53,1
08/09/2022,Tuesday,9,25,43,44,52,2
08/08/2022,Monday,24,26,50,51,58,1
08/07/2022,Sunday,7,27,34,42,50,1
08/06/2022,Saturday,13,16,42,57,58,2
08/05/2022,Friday,6,20,21,26,57,1
08/04/2022,Thursday,6,14,19,45,53,1
08/03/2022,Wednesday,2,13,42,47,48,4
08/02/2022,Tuesday,3,21,36,44,50,3
08/01/2022,Monday,11,20,36,40,46,2
07/31/2022,Sunday,16,23,29,59,60,3
07/30/2022,Saturday,20,24,31,39,60,4
07/29/2022,Friday,6,7,31,38,41,2
07/28/2022,Thursday,14,24,29,47,56,2
07/27/2022,Wednesday,16,32,38,39,48,3
07/26/2022,Tuesday,11,25,26,41,45,4
07/25/2022,Monday,25,30,33,39,49,2
07/24/2022,Sunday,1,7,15,16,51,3
07/23/2022,Saturday,4,7,25,41,53,2
07/22/2022,Friday,1,15,19,26,49,3
07/21/2022,Thursday,7,10,19,21,54,4
07/20/2022,Wednesday,25,26,39,42,56,2
07/19/2022,Tuesday,3,36,38,42,51,1
07/18/2022,Monday,7,20,22,30,46,3
07/17/2022,Sunday,26,27,32,47,55,1
07/16/2022,Saturday,4,30,44,52,55,4
07/15/2022,Friday,4,6,7,17,46,1
07/14/2022,Thursday,5,22,23,44,59,4
07/13/2022,Wednesday,6,10,18,41,50,2
07/12/2022,Tuesday,8,28,35,46,57,4
07/11/2022,Monday,2,10,15,22,29,4
07/10/2022,Sunday,1,5,11,21,33,4
07/09/2022,Saturday,14,30,34,40,48,2
07/08/2022,Friday,7,20,25,42,45,2
07/07/2022,Thursday,28,31,37,47,58,4
07/06/2022,Wednesday,8,14,42,45,58,2
07/05/2022,Tuesday,8,26,37,38,57,1
07/04/2022,Monday,5,10,19,22,43,4
07/03/2022,Sunday,3,12,19,34,49,1
07/02/2022,Saturday,15,17,23,35,39,4
07/01/2022,Friday,11,15,25,39,43,3
06/30/2022,Thursday,6,9,20,31,34,2
06/29/2022,Wednesday,9,27,29,33,51,4
06/28/2022,Tuesday,21,34,36,38,45,3
06/27/2022,Monday,9,21,34,44,48,2
06/26/2022,Sunday,2,36,37,44,52,2
06/25/2022,Saturday,3,46,49,55,60,1
06/24/2022,Friday,13,48,49,50,60,2
06/23/2022,Thursday,2,10,40,52,56,2
06/22/2022,Wednesday,14,16,20,26,34,2
06/21/2022,Tuesday,22,25,43,48,59,2
06/20/2022,Monday,13,20,32,44,57,3
06/19/2022,Sunday,1,6,20,36,51,1
06/18/2022,Saturday,8,12,25,41,58,2
06/17/2022,Friday,11,13,42,55,57,4
06/16/2022,Thursday,1,4,11,28,43,3
06/15/2022,Wednesday,8,15,40,50,56,3
06/14/2022,Tuesday,8,17,27,31,44,2
06/13/2022,Monday,15,42,51,52,59,2
06/12/2022,Sunday,4,18,25,46,59,1
06/11/2022,Saturday,7,17,23,50,59,2
06/10/2022,Friday,7,8,22,33,38,2
06/09/2022,Thursday,1,7,24,53,56,2
06/08/2022,Wednesday,12,13,16,20,42,1
06/07/2022,Tuesday,9,33,49,50,59,4
06/06/2022,Monday,13,20,48,49,51,3
06/05/2022,Sunday,39,43,46,47,52,2
06/04/2022,Saturday,8,24,27,49,59,1
06/03/2022,Friday,9,22,23,51,55,4
06/02/2022,Thursday,12,40,54,55,60,3
06/01/2022,Wednesday,1,27,33,37,42,1
05/31/2022,Tuesday,25,34,35,56,58,1
05/30/2022,Monday,24,33,47,49,52,3
05/29/2022,Sunday,2,6,14,34,36,3
05/28/2022,Saturday,9,11,23,32,39,1
05/27/2022,Friday,9,12,27,49,50,4
05/26/2022,Thursday,3,9,33,57,58,1
05/25/2022,Wednesday,8,11,39,46,47,1
05/24/2022,Tuesday,7,22,26,30,40,3
05/23/2022,Monday,7,10,33,41,59,4
05/22/2022,Sunday,8,21,25,34,59,1
05/21/2022,Saturday,2,8,10,12,42,3
05/20/2022,Friday,2,38,43,47,55,1
05/19/2022,Thursday,41,47,51,58,60,3
05/18/2022,Wednesday,19,41,49,58,60,3
05/17/2022,Tuesday,23,24,30,41,49,2
05/16/2022,Monday,5,26,48,50,54,2
05/15/2022,Sunday,12,18,22,32,47,3
05/14/2022,Saturday,4,6,10,20,26,4
05/13/2022,Friday,30,38,47,57,59,2
05/12/2022,Thursday,17,40,41,53,60,2
05/11/2022,Wednesday,8,19,44,47,50,1
05/10/2022,Tuesday,1,8,34,36,48,1
05/09/2022,Monday,2,13,29,45,50,2
05/08/2022,Sunday,1,12,34,45,48,3
05/07/2022,Saturday,30,37,40,54,59,2
05/06/2022,Friday,3,4,14,53,60,4
05/05/2022,Thursday,15,23,29,39,54,2
05/04/2022,Wednesday,8,21,22,34,53,4
05/03/2022,Tuesday,8,22,23,35,51,3
05/02/2022,Monday,17,28,31,41,43,1
05/01/2022,Sunday,4,6,52,55,59,4
04/30/2022,Saturday,2,3,13,54,57,3
04/29/2022,Friday,6,9,41,45,47,4
04/28/2022,Thursday,15,23,46,55,57,2
04/27/2022,Wednesday,20,26,30,44,50,2
04/26/2022,Tuesday,12,31,35,53,57,4
04/25/2022,Monday,1,8,9,12,14,4
04/24/2022,Sunday,7,14,33,46,48,1
04/23/2022,Saturday,8,16,31,43,55,4
04/22/2022,Friday,14,23,24,26,39,1
04/21/2022,Thursday,10,11,22,25,29,3
04/20/2022,Wednesday,28,33,48,53,55,1
04/19/2022,Tuesday,2,8,16,37,45,3
04/18/2022,Monday,5,33,37,41,50,2
04/17/2022,Sunday,14,27,40,57,59,1
04/16/2022,Saturday,3,13,28,42,59,2
04/15/2022,Friday,28,34,44,53,56,3
04/14/2022,Thursday,15,16,26,27,46,4
04/13/2022,Wednesday,2,4,34,38,60,2
04/12/2022,Tuesday,18,31,38,52,53,2
04/11/2022,Monday,14,37,38,54,59,2
04/10/2022,Sunday,4,22,25,28,38,2
04/09/2022,Saturday,4,24,36,47,49,2
04/08/2022,Friday,21,25,45,46,54,2
04/07/2022,Thursday,8,21,30,35,55,3
04/06/2022,Wednesday,18,20,43,53,60,3
04/05/2022,Tuesday,13,24,31,42,53,4
04/04/2022,Monday,16,21,43,49,53,1
04/03/2022,Sunday,3,7,14,26,39,1
04/02/2022,Saturday,3,14,16,33,52,2
04/01/2022,Friday,3,28,55,56,58,1
03/31/2022,Thursday,1,2,27,29,30,3
03/30/2022,Wednesday,5,23,42,56,57,1
03/29/2022,Tuesday,10,40,44,46,60,1
03/28/2022,Monday,8,17,24,44,48,4
03/27/2022,Sunday,12,18,26,42,58,3
03/26/2022,Saturday,3,15,38,42,48,3
03/25/2022,Friday,2,5,8,21,55,3
03/24/2022,Thursday,35,46,47,49,56,4
03/23/2022,Wednesday,12,21,25,46,50,4
03/22/2022,Tuesday,5,19,49,54,60,1
03/21/2022,Monday,26,45,49,51,52,1
03/20/2022,Sunday,5,6,12,26,40,1
03/19/2022,Saturday,4,24,29,32,50,1
03/18/2022,Friday,7,10,13,41,60,1
03/17/2022,Thursday,5,9,14,34,58,3
03/16/2022,Wednesday,10,11,13,26,29,4
03/15/2022,Tuesday,7,14,25,47,49,3
03/14/2022,Monday,9,19,27,45,55,4
03/13/2022,Sunday,7,15,16,18,60,1
03/12/2022,Saturday,4,34,38,39,44,2
03/11/2022,Friday,6,21,31,36,59,1
03/10/2022,Thursday,9,13,43,53,55,2
03/09/2022,Wednesday,12,21,23,37,56,1
03/08/2022,Tuesday,11,15,44,50,51,2
03/07/2022,Monday,12,13,15,26,55,1
03/06/2022,Sunday,8,13,39,55,59,3
03/05/2022,Saturday,17,37,40,42,45,2
03/04/2022,Friday,7,10,11,15,50,1
03/03/2022,Thursday,10,28,31,32,58,4
03/02/2022,Wednesday,7,30,45,47,54,3
03/01/2022,Tuesday,29,31,39,48,59,1
02/28/2022,Monday,17,21,27,30,54,2
02/27/2022,Sunday,32,36,41,58,60,4
02/26/2022,Saturday,4,42,44,51,54,4
02/25/2022,Friday,6,40,48,50,52,2
02/24/2022,Thursday,16,21,27,56,58,2
02/23/2022,Wednesday,27,36,40,46,53,3
02/22/2022,Tuesday,4,14,16,17,52,4
02/21/2022,Monday,4,40,42,54,58,3
02/20/2022,Sunday,13,15,24,25,54,2
02/19/2022,Saturday,2,21,31,45,59,1
02/18/2022,Friday,13,34,43,48,52,2
02/17/2022,Thursday,9,11,14,21,35,2
02/16/2022,Wednesday,2,7,14,21,25,1
02/15/2022,Tuesday,14,27,36,41,53,4
02/14/2022,Monday,18,22,29,37,40,1
02/13/2022,Sunday,6,16,31,46,50,1
02/12/2022,Saturday,20,21,25,30,41,2
02/11/2022,Friday,19,20,25,55,57,2
02/10/2022,Thursday,3,28,36,46,53,1
02/09/2022,Wednesday,9,12,24,32,40,3
02/08/2022,Tuesday,5,10,35,42,56,1
02/07/2022,Monday,18,20,22,43,59,3
02/06/2022,Sunday,2,3,14,20,26,1
02/05/2022,Saturday,1,2,13,26,43,1
02/04/2022,Friday,20,22,24,37,39,4
02/03/2022,Thursday,11,25,28,34,37,4
02/02/2022,Wednesday,17,21,22,28,44,3
02/01/2022,Tuesday,20,24,30,41,53,4
01/31/2022,Monday,1,11,24,37,54,3
01/30/2022,Sunday,13,33,46,47,49,2
01/29/2022,Saturday,2,4,5,16,22,1
01/28/2022,Friday,17,27,31,43,51,1
01/27/2022,Thursday,19,39,43,49,51,3
01/26/2022,Wednesday,14,16,17,40,47,4
01/25/2022,Tuesday,14,15,19,30,38,3
01/24/2022,Monday,12,14,24,42,53,3
01/23/2022,Sunday,2,22,26,34,48,4
01/22/2022,Saturday,6,22,29,51,52,1
01/21/2022,Friday,5,21,24,36,46,2
01/20/2022,Thursday,5,26,38,46,58,1
01/19/2022,Wednesday,5,11,31,42,49,3
01/18/2022,Tuesday,30,33,52,53,60,1
01/17/2022,Monday,1,19,36,43,53,2
01/16/2022,Sunday,19,36,42,54,59,3
01/15/2022,Saturday,6,10,30,35,60,2
01/14/2022,Friday,15,19,29,37,58,2
01/13/2022,Thursday,22,34,38,42,50,1
01/12/2022,Wednesday,1,6,24,36,58,4
01/11/2022,Tuesday,4,26,46,53,58,4
01/10/2022,Monday,1,3,29,34,39,3
01/09/2022,Sunday,20,32,33,42,52,4
01/08/2022,Saturday,20,33,34,40,59,3
01/07/2022,Friday,22,23,45,54,55,3
01/06/2022,Thursday,1,13,15,28,52,1
01/05/2022,Wednesday,4,33,39,51,58,3
01/04/2022,Tuesday,5,13,19,20,29,2
01/03/2022,Monday,2,39,42,47,50,4
01/02/2022,Sunday,8,14,19,27,28,2
01/01/2022,Saturday,5,11,19,23,33,4
12/31/2021,Friday,8,13,34,46,60,2
12/30/2021,Thursday,6,25,43,55,56,3
12/29/2021,Wednesday,17,19,35,57,58,1
12/28/2021,Tuesday,13,24,35,49,50,3
12/27/2021,Monday,5,29,36,38,59,3
12/26/2021,Sunday,18,23,27,37,52,3
12/25/2021,Saturday,8,9,16,33,38,1
12/24/2021,Friday,12,15,32,58,60,2
12/23/2021,Thursday,14,19,30,31,43,3
12/22/2021,Wednesday,2,14,16,21,59,4
12/21/2021,Tuesday,3,17,30,40,45,1
12/20/2021,Monday,1,23,28,39,40,1
12/19/2021,Sunday,7,32,34,42,51,3
12/18/2021,Saturday,2,27,37,46,57,1
12/17/2021,Friday,5,22,24,45,57,1
12/16/2021,Thursday,12,16,34,45,57,1
12/15/2021,Wednesday,14,22,27,35,57,3
12/14/2021,Tuesday,15,19,23,38,39,4
12/13/2021,Monday,7,36,39,47,51,2
12/12/2021,Sunday,1,5,13,37,38,2
12/11/2021,Saturday,3,11,17,44,53,1
12/10/2021,Friday,17,33,40,53,60,3
12/09/2021,Thursday,17,25,34,38,49,2
12/08/2021,Wednesday,16,25,45,48,55,4
12/07/2021,Tuesday,13,31,36,45,59,1
12/06/2021,Monday,19,25,42,52,55,1
12/05/2021,Sunday,14,20,31,32,34,1
12/04/2021,Saturday,8,11,25,45,48,2
12/03/2021,Friday,13,26,39,44,47,2
12/02/2021,Thursday,40,45,47,55,58,1
12/01/2021,Wednesday,6,23,36,42,50,3
11/30/2021,Tuesday,11,13,44,47,51,4
11/29/2021,Monday,9,35,48,53,58,2
11/28/2021,Sunday,2,9,18,35,41,2
11/27/2021,Saturday,4,5,8,55,56,1
11/26/2021,Friday,20,23,27,38,40,2
11/25/2021,Thursday,24,39,40,43,46,2
11/24/2021,Wednesday,3,5,11,16,55,3
11/23/2021,Tuesday,25,27,30,41,56,1
11/22/2021,Monday,2,3,22,45,46,3
11/21/2021,Sunday,4,5,6,11,48,3
11/20/2021,Saturday,9,16,23,31,58,1
11/19/2021,Friday,8,27,30,37,39,2
11/18/2021,Thursday,18,24,31,47,60,3
11/17/2021,Wednesday,10,18,50,53,58,2
11/16/2021,Tuesday,9,10,35,44,58,3
11/15/2021,Monday,33,47,49,50,57,3
11/14/2021,Sunday,6,27,37,50,57,3
11/13/2021,Saturday,7,17,31,47,51,4
11/12/2021,Friday,5,8,32,34,57,1
11/11/2021,Thursday,5,21,31,45,47,3
11/10/2021,Wednesday,20,31,39,42,46,4
11/09/2021,Tuesday,15,41,56,57,59,1
11/08/2021,Monday,16,21,43,56,58,1
11/07/2021,Sunday,9,11,27,45,58,4
11/06/2021,Saturday,34,39,44,50,53,1
11/05/2021,Friday,8,30,31,43,51,2
11/04/2021,Thursday,7,37,47,53,55,3
11/03/2021,Wednesday,10,36,45,46,60,1
11/02/2021,Tuesday,15,28,33,39,50,3
11/01/2021,Monday,16,19,29,42,50,2
10/31/2021,Sunday,31,35,48,57,58,4
10/30/2021,Saturday,20,33,37,45,48,3
10/29/2021,Friday,29,34,39,47,54,1
10/28/2021,Thursday,6,8,9,10,42,1
10/27/2021,Wednesday,19,26,54,55,60,4
10/26/2021,Tuesday,3,5,23,37,46,4
10/25/2021,Monday,18,35,46,47,51,3
10/24/2021,Sunday,9,13,30,36,40,4
10/23/2021,Saturday,8,24,32,34,46,3
10/22/2021,Friday,16,46,51,52,54,2
10/21/2021,Thursday,7,20,35,52,60,2
10/20/2021,Wednesday,3,5,28,33,42,4
10/19/2021,Tuesday,9,32,34,35,52,2
10/18/2021,Monday,7,13,34,38,59,4
10/17/2021,Sunday,14,19,25,27,39,2
10/16/2021,Saturday,4,25,26,44,58,4
10/15/2021,Friday,4,11,21,34,38,3
10/14/2021,Thursday,7,8,34,55,56,3
10/13/2021,Wednesday,8,10,14,15,35,1
10/12/2021,Tuesday,9,20,22,53,57,1
10/11/2021,Monday,1,8,17,38,47,3
10/10/2021,Sunday,22,23,40,46,55,4
10/09/2021,Saturday,9,12,28,48,57,1
10/08/2021,Friday,16,26,38,42,56,2
10/07/2021,Thursday,6,10,21,38,48,2
10/06/2021,Wednesday,2,10,14,28,31,3
10/05/2021,Tuesday,6,14,26,35,48,3
10/04/2021,Monday,16,27,43,48,56,1
10/03/2021,Sunday,18,24,50,52,59,1
10/02/2021,Saturday,2,14,17,26,55,1
10/01/2021,Friday,4,20,39,40,60,3
09/30/2021,Thursday,15,18,20,21,52,4
09/29/2021,Wednesday,17,20,22,32,56,3
09/28/2021,Tuesday,3,4,12,18,50,4
09/27/2021,Monday,3,10,11,21,46,3
09/26/2021,Sunday,8,9,16,33,37,4
09/25/2021,Saturday,5,24,37,47,52,4
09/24/2021,Friday,15,18,23,36,44,2
09/23/2021,Thursday,18,27,29,55,58,1
09/22/2021,Wednesday,20,30,47,50,55,4
09/21/2021,Tuesday,4,10,22,38,46,4
09/20/2021,Monday,24,26,29,43,52,2
09/19/2021,Sunday,2,24,26,35,43,4
09/18/2021,Saturday,15,23,24,29,48,2
09/17/2021,Friday,1,3,8,22,37,4
09/16/2021,Thursday,31,39,49,55,59,2
09/15/2021,Wednesday,22,23,35,43,45,2
09/14/2021,Tuesday,15,16,30,49,58,2
09/13/2021,Monday,4,6,40,41,60,3
09/12/2021,Sunday,1,2,13,44,51,1
09/11/2021,Saturday,12,18,31,39,60,1
09/10/2021,Friday,9,12,15,28,58,1
09/09/2021,Thursday,3,23,30,55,58,1
09/08/2021,Wednesday,7,15,19,21,49,2
09/07/2021,Tuesday,6,12,30,34,58,2
09/06/2021,Monday,11,31,39,42,46,3
09/05/2021,Sunday,6,22,33,36,56,1
09/04/2021,Saturday,10,22,33,38,54,4
09/03/2021,Friday,33,36,45,51,56,3
09/02/2021,Thursday,10,13,26,34,55,2
09/01/2021,Wednesday,32,37,40,41,43,1
08/31/2021,Tuesday,5,8,13,15,32,3
08/30/2021,Monday,5,9,24,54,58,3
08/29/2021,Sunday,1,5,26,40,59,4
08/28/2021,Saturday,1,18,28,32,36,3
08/27/2021,Friday,2,16,31,36,56,4
08/26/2021,Thursday,1,4,11,46,52,2
08/25/2021,Wednesday,3,27,28,37,59,4
08/24/2021,Tuesday,6,10,14,28,58,1
08/23/2021,Monday,3,26,27,38,51,1
08/22/2021,Sunday,20,27,31,37,39,3
08/21/2021,Saturday,21,38,48,54,56,2
08/20/2021,Friday,29,36,46,50,60,1
08/19/2021,Thursday,3,28,33,43,51,3
08/18/2021,Wednesday,22,39,45,51,53,3
08/17/2021,Tuesday,9,14,15,36,54,4
08/16/2021,Monday,12,13,32,36,53,2
08/15/2021,Sunday,6,9,16,47,54,4
08/14/2021,Saturday,5,29,30,35,39,3
08/13/2021,Friday,10,27,41,51,58,1
08/12/2021,Thursday,9,10,15,28,46,3
08/11/2021,Wednesday,5,10,13,43,52,1
08/10/2021,Tuesday,1,4,9,21,51,3
08/09/2021,Monday,3,6,29,32,35,1
08/08/2021,Sunday,6,23,31,44,48,2
08/07/2021,Saturday,5,14,20,23,37,3
08/06/2021,Friday,4,9,20,33,43,2
08/05/2021,Thursday,4,10,11,34,59,4
08/04/2021,Wednesday,2,19,37,52,56,3
08/03/2021,Tuesday,25,42,48,49,53,4
08/02/2021,Monday,18,46,48,50,54,4
08/01/2021,Sunday,11,30,33,47,60,1
07/31/2021,Saturday,10,21,44,53,58,3
07/30/2021,Friday,2,12,15,33,46,1
07/29/2021,Thursday,4,18,26,34,42,2
07/28/2021,Wednesday,8,11,12,13,23,1
07/27/2021,Tuesday,12,20,22,55,59,3
07/26/2021,Monday,9,16,25,27,32,1
07/25/2021,Sunday,16,34,39,42,51,1
07/24/2021,Saturday,37,40,49,53,55,3
07/23/2021,Friday,3,29,37,42,46,2
07/22/2021,Thursday,36,50,51,52,55,1
07/21/2021,Wednesday,11,28,45,47,52,3
07/20/2021,Tuesday,7,14,51,55,58,4
07/19/2021,Monday,8,15,16,23,41,2
07/18/2021,Sunday,1,31,40,49,55,3
07/17/2021,Saturday,8,9,25,35,52,1
07/16/2021,Friday,3,9,14,41,46,1
07/15/2021,Thursday,11,21,39,40,60,1
07/14/2021,Wednesday,10,21,35,46,48,1
07/13/2021,Tuesday,3,23,29,33,46,4
07/12/2021,Monday,12,16,54,56,58,2
07/11/2021,Sunday,12,16,40,54,60,2
07/10/2021,Saturday,7,8,18,33,52,1
07/09/2021,Friday,18,29,40,42,56,2
07/08/2021,Thursday,1,8,15,21,48,2
07/07/2021,Wednesday,5,12,19,44,46,4
07/06/2021,Tuesday,18,25,30,41,49,2
07/05/2021,Monday,3,10,21,28,51,4
07/04/2021,Sunday,1,3,6,25,48,4
07/03/2021,Saturday,5,14,28,39,40,2
07/02/2021,Friday,1,9,12,13,20,1
07/01/2021,Thursday,5,32,45,46,54,3
06/30/2021,Wednesday,1,27,29,41,44,4
06/29/2021,Tuesday,1,9,15,30,41,4
06/28/2021,Monday,10,19,38,52,60,2
06/27/2021,Sunday,6,35,36,38,39,4
06/26/2021,Saturday,3,13,33,41,48,2
06/25/2021,Friday,9,28,44,46,53,3
06/24/2021,Thursday,13,39,41,48,50,4
06/23/2021,Wednesday,10,25,29,31,60,4
06/22/2021,Tuesday,5,7,17,19,33,2
06/21/2021,Monday,26,29,41,57,60,4
06/20/2021,Sunday,21,39,41,45,58,2
06/19/2021,Saturday,9,12,13,39,54,1
06/18/2021,Friday,11,20,26,56,57,1
06/17/2021,Thursday,3,18,23,50,53,4
06/16/2021,Wednesday,10,32,41,42,51,1
06/15/2021,Tuesday,2,5,11,35,59,1
06/14/2021,Monday,18,20,45,57,60,4
06/13/2021,Sunday,2,8,24,26,43,3
06/12/2021,Saturday,16,21,23,24,58,4
06/11/2021,Friday,8,24,47,48,56,2
06/10/2021,Thursday,13,19,22,36,55,1
06/09/2021,Wednesday,19,21,29,52,56,2
06/08/2021,Tuesday,4,7,9,10,41,4
06/07/2021,Monday,6,14,25,28,33,1
06/06/2021,Sunday,16,25,34,47,51,4
06/05/2021,Saturday,1,4,26,31,36,4
06/04/2021,Friday,6,30,33,49,52,4
06/03/2021,Thursday,5,7,14,29,40,2
06/02/2021,Wednesday,40,44,46,51,54,3
06/01/2021,Tuesday,21,25,31,54,57,2
05/31/2021,Monday,19,22,43,46,54,4
05/30/2021,Sunday,9,12,34,40,43,2
05/29/2021,Saturday,6,27,44,51,52,1
05/28/2021,Friday,10,11,26,27,57,2
05/27/2021,Thursday,5,14,21,38,42,3
05/26/2021,Wednesday,3,6,29,58,60,3
05/25/2021,Tuesday,1,16,28,38,41,4
05/24/2021,Monday,8,15,19,39,55,2
05/23/2021,Sunday,8,24,31,39,44,2
05/22/2021,Saturday,10,18,22,38,54,2
05/21/2021,Friday,6,15,23,47,56,1
05/20/2021,Thursday,1,21,23,50,55,4
05/19/2021,Wednesday,5,7,24,29,31,2
05/18/2021,Tuesday,7,18,29,39,40,4
05/17/2021,Monday,31,43,44,46,58,1
05/16/2021,Sunday,2,5,8,37,41,3
05/15/2021,Saturday,8,15,24,41,49,3
05/14/2021,Friday,3,5,26,35,60,1
05/13/2021,Thursday,9,33,37,47,55,3
05/12/2021,Wednesday,32,40,41,54,56,2
05/11/2021,Tuesday,6,21,25,56,57,2
05/10/2021,Monday,37,42,44,45,52,4
05/09/2021,Sunday,4,14,33,35,37,3
05/08/2021,Saturday,1,9,20,49,56,4
05/07/2021,Friday,14,20,21,30,47,2
05/06/2021,Thursday,6,9,16,20,25,4
05/05/2021,Wednesday,2,37,54,56,60,3
05/04/2021,Tuesday,24,28,40,50,54,1
05/03/2021,Monday,13,18,27,28,60,2
05/02/2021,Sunday,24,30,50,52,55,4
05/01/2021,Saturday,25,33,40,50,53,3
04/30/2021,Friday,9,10,32,52,60,1
04/29/2021,Thursday,4,29,40,41,47,1
04/28/2021,Wednesday,4,22,24,52,59,4
04/27/2021,Tuesday,2,11,20,27,41,4
04/26/2021,Monday,7,16,30,34,46,4
04/25/2021,Sunday,6,10,21,44,50,1
04/24/2021,Saturday,13,14,35,38,40,2
04/23/2021,Friday,13,19,22,35,50,4
04/22/2021,Thursday,4,8,13,40,59,1
04/21/2021,Wednesday,12,14,22,23,32,1
04/20/2021,Tuesday,13,19,42,52,56,1
04/19/2021,Monday,1,6,14,18,33,1
04/18/2021,Sunday,16,41,46,52,57,3
04/17/2021,Saturday,15,18,46,48,50,1
04/16/2021,Friday,4,11,22,33,36,3
04/15/2021,Thursday,18,24,44,46,49,4
04/14/2021,Wednesday,2,12,25,56,57,2
04/13/2021,Tuesday,9,30,35,38,59,2
04/12/2021,Monday,4,23,26,37,56,3
04/11/2021,Sunday,1,8,19,39,50,1
04/10/2021,Saturday,29,30,35,51,55,4
04/09/2021,Friday,4,9,35,40,57,1
04/08/2021,Thursday,9,16,42,54,58,2
04/07/2021,Wednesday,31,33,39,48,50,4
04/06/2021,Tuesday,21,23,25,34,51,2
04/05/2021,Monday,19,21,26,39,52,3
04/04/2021,Sunday,11,17,18,26,54,1
04/03/2021,Saturday,2,5,24,44,57,2
04/02/2021,Friday,10,31,32,41,60,1
04/01/2021,Thursday,19,36,41,46,55,1
03/31/2021,Wednesday,2,27,35,46,55,2
03/30/2021,Tuesday,10,13,33,36,58,3
03/29/2021,Monday,5,28,35,39,60,1
03/28/2021,Sunday,2,3,7,19,49,1
03/27/2021,Saturday,7,15,31,48,56,2
03/26/2021,Friday,5,12,24,42,59,3
03/25/2021,Thursday,1,3,13,28,49,3
03/24/2021,Wednesday,13,14,15,16,41,2
03/23/2021,Tuesday,4,6,12,20,51,4
03/22/2021,Monday,9,26,31,47,58,2
03/21/2021,Sunday,2,16,41,55,58,2
03/20/2021,Saturday,28,33,38,50,59,2
03/19/2021,Friday,10,17,25,35,44,2
03/18/2021,Thursday,9,21,22,37,59,1
03/17/2021,Wednesday,3,26,27,34,36,2
03/16/2021,Tuesday,21,44,45,53,58,3
03/15/2021,Monday,4,12,37,46,60,4
03/14/2021,Sunday,5,9,16,53,57,1
03/13/2021,Saturday,24,25,32,40,48,1
03/12/2021,Friday,6,21,26,41,48,4
03/11/2021,Thursday,9,19,26,27,57,2
03/10/2021,Wednesday,3,5,18,28,31,2
03/09/2021,Tuesday,6,16,25,40,49,1
03/08/2021,Monday,10,17,26,51,52,1
03/07/2021,Sunday,21,26,39,55,57,3
03/06/2021,Saturday,2,7,21,32,37,1
03/05/2021,Friday,12,27,52,57,60,4
03/04/2021,Thursday,27,40,42,55,57,4
03/03/2021,Wednesday,15,16,20,42,57,2
03/02/2021,Tuesday,26,44,49,51,54,1
03/01/2021,Monday,1,7,45,50,53,2
02/28/2021,Sunday,2,16,23,48,60,4
02/27/2021,Saturday,8,18,33,38,53,1
02/26/2021,Friday,12,16,32,36,51,4
02/25/2021,Thursday,6,8,47,52,54,3
02/24/2021,Wednesday,1,16,43,58,60,1
02/23/2021,Tuesday,4,17,27,35,49,1
02/22/2021,Monday,21,22,24,28,41,4
02/21/2021,Sunday,6,9,44,51,54,2
02/20/2021,Saturday,6,36,49,51,54,3
02/19/2021,Friday,6,19,32,35,47,4
02/18/2021,Thursday,20,27,32,41,55,2
02/17/2021,Wednesday,3,12,39,52,57,4
02/16/2021,Tuesday,11,21,32,33,54,1
02/15/2021,Monday,8,18,21,28,46,3
02/14/2021,Sunday,16,22,50,52,57,4
02/13/2021,Saturday,3,45,52,56,58,3
02/12/2021,Friday,30,37,40,58,60,3
02/11/2021,Thursday,8,9,24,32,36,2
02/10/2021,Wednesday,4,17,23,27,38,3
02/09/2021,Tuesday,27,35,38,52,57,2
02/08/2021,Monday,19,27,33,57,59,1
02/07/2021,Sunday,1,7,16,44,47,2
02/06/2021,Saturday,22,40,47,52,59,2
02/05/2021,Friday,27,31,39,45,48,4
02/04/2021,Thursday,25,39,42,49,55,1
02/03/2021,Wednesday,16,35,37,50,55,4
02/02/2021,Tuesday,2,6,11,13,56,1
02/01/2021,Monday,18,26,33,58,59,4
01/31/2021,Sunday,5,6,14,35,51,3
01/30/2021,Saturday,3,31,33,43,44,3
01/29/2021,Friday,8,9,19,22,23,4
01/28/2021,Thursday,3,31,39,57,59,3
01/27/2021,Wednesday,2,8,13,38,48,3
01/26/2021,Tuesday,19,24,38,40,60,2
01/25/2021,Monday,24,32,35,43,55,4
01/24/2021,Sunday,11,25,40,53,59,4
01/23/2021,Saturday,15,20,29,37,55,4
01/22/2021,Friday,2,15,19,41,43,1
01/21/2021,Thursday,13,16,36,38,53,4
01/20/2021,Wednesday,8,13,14,44,52,4
01/19/2021,Tuesday,12,21,26,33,38,1
01/18/2021,Monday,4,6,7,33,53,1
01/17/2021,Sunday,29,35,42,48,49,1
01/16/2021,Saturday,15,23,26,32,57,4
01/15/2021,Friday,10,18,37,38,51,1
01/14/2021,Thursday,1,10,17,32,39,1
01/13/2021,Wednesday,5,12,13,14,26,4
01/12/2021,Tuesday,28,32,40,41,44,2
01/11/2021,Monday,18,30,41,48,54,1
01/10/2021,Sunday,5,43,46,49,52,4
01/09/2021,Saturday,19,27,46,49,50,1
01/08/2021,Friday,3,9,22,44,47,2
01/07/2021,Thursday,32,36,47,55,57,3
01/06/2021,Wednesday,5,6,16,22,33,2
01/05/2021,Tuesday,19,29,45,51,52,2
01/04/2021,Monday,3,24,43,47,51,3
01/03/2021,Sunday,10,15,21,25,30,4
01/02/2021,Saturday,31,33,35,37,50,3
01/01/2021,Friday,9,17,23,37,47,1
12/31/2020,Thursday,11,28,40,48,57,4
12/30/2020,Wednesday,2,19,28,29,30,3
12/29/2020,Tuesday,12,21,23,24,36,1
12/28/2020,Monday,37,44,55,59,60,3
12/27/2020,Sunday,28,35,36,42,53,2
12/26/2020,Saturday,3,36,42,51,58,4
12/25/2020,Friday,4,26,44,56,57,2
12/24/2020,Thursday,14,22,32,34,52,2
12/23/2020,Wednesday,1,18,21,23,32,4
12/22/2020,Tuesday,1,5,15,27,46,2
12/21/2020,Monday,12,29,32,38,60,1
12/20/2020,Sunday,20,21,36,47,53,3
12/19/2020,Saturday,25,31,48,56,57,3
12/18/2020,Friday,2,38,44,52,57,3
12/17/2020,Thursday,11,19,25,35,59,2
12/16/2020,Wednesday,1,4,8,10,37,2
12/15/2020,Tuesday,16,27,42,49,57,1
12/14/2020,Monday,6,15,21,33,42,3
12/13/2020,Sunday,16,32,33,42,53,3
12/12/2020,Saturday,13,34,39,45,60,1
12/11/2020,Friday,25,34,36,49,57,1
12/10/2020,Thursday,11,23,27,45,49,1
12/09/2020,Wednesday,13,31,37,39,57,4
12/08/2020,Tuesday,19,21,24,28,30,3
12/07/2020,Monday,13,16,22,40,49,1
12/06/2020,Sunday,4,26,30,38,59,1
12/05/2020,Saturday,8,16,45,48,57,3
12/04/2020,Friday,9,21,27,48,56,4
12/03/2020,Thursday,6,10,14,31,59,2
12/02/2020,Wednesday,16,22,33,44,51,1
12/01/2020,Tuesday,1,2,25,48,53,4
11/30/2020,Monday,3,25,35,46,57,1
11/29/2020,Sunday,9,17,18,28,38,3
11/28/2020,Saturday,11,13,23,49,58,2
11/27/2020,Friday,12,14,20,28,51,3
11/26/2020,Thursday,4,9,21,27,40,4
11/25/2020,Wednesday,10,18,25,27,56,4
11/24/2020,Tuesday,14,27,46,52,57,1
11/23/2020,Monday,5,11,40,55,59,2
11/22/2020,Sunday,4,25,26,35,36,4
11/21/2020,Saturday,4,8,35,40,54,3
11/20/2020,Friday,11,29,32,51,60,4
11/19/2020,Thursday,16,17,18,37,58,4
11/18/2020,Wednesday,7,24,38,48,51,3
11/17/2020,Tuesday,15,31,43,45,54,3
11/16/2020,Monday,12,16,42,44,59,3
11/15/2020,Sunday,19,20,32,35,49,1
11/14/2020,Saturday,19,20,47,56,60,4
11/13/2020,Friday,12,18,23,29,46,4
11/12/2020,Thursday,20,25,38,49,51,3
11/11/2020,Wednesday,7,20,30,41,56,4
11/10/2020,Tuesday,14,19,26,36,43,3
11/09/2020,Monday,10,27,40,45,49,1
11/08/2020,Sunday,19,30,38,41,55,1
11/07/2020,Saturday,2,3,18,43,49,3
11/06/2020,Friday,19,20,22,31,35,3
11/05/2020,Thursday,5,7,11,17,41,3
11/04/2020,Wednesday,11,23,34,39,54,3
11/03/2020,Tuesday,3,8,9,29,34,1
11/02/2020,Monday,13,16,28,36,56,2
11/01/2020,Sunday,2,12,28,50,60,1
10/31/2020,Saturday,24,33,35,39,40,1
10/30/2020,Friday,13,19,35,48,52,4
10/29/2020,Thursday,2,31,40,52,53,2
10/28/2020,Wednesday,12,15,29,45,56,4
10/27/2020,Tuesday,1,13,21,30,41,2
10/26/2020,Monday,1,6,19,58,59,1
10/25/2020,Sunday,14,39,44,45,53,4
10/24/2020,Saturday,18,25,31,33,42,3
10/23/2020,Friday,4,13,16,34,40,4
10/22/2020,Thursday,14,15,26,29,52,1
10/21/2020,Wednesday,3,7,16,45,52,4
10/20/2020,Tuesday,11,25,34,42,53,2
10/19/2020,Monday,23,24,30,34,58,3
10/18/2020,Sunday,10,25,33,37,53,2
10/17/2020,Saturday,17,18,23,28,33,2
10/16/2020,Friday,1,2,20,36,37,1
10/15/2020,Thursday,24,37,42,57,58,4
10/14/2020,Wednesday,31,36,45,56,60,4
10/13/2020,Tuesday,5,14,35,47,51,1
10/12/2020,Monday,2,14,25,32,35,1
10/11/2020,Sunday,4,14,41,42,54,4
10/10/2020,Saturday,5,14,20,31,42,3
10/09/2020,Friday,16,24,39,48,51,2
10/08/2020,Thursday,26,31,34,40,52,1
10/07/2020,Wednesday,8,18,30,44,49,4
10/06/2020,Tuesday,2,9,34,43,52,4
10/05/2020,Monday,1,3,35,37,42,4
10/04/2020,Sunday,14,33,36,50,51,3
10/03/2020,Saturday,5,8,42,45,47,1
10/02/2020,Friday,2,26,29,35,53,3
10/01/2020,Thursday,7,23,37,49,52,3
09/30/2020,Wednesday,1,16,39,41,58,4
09/29/2020,Tuesday,6,10,37,46,52,4
09/28/2020,Monday,4,14,16,31,47,4
09/27/2020,Sunday,4,6,9,50,59,2
09/26/2020,Saturday,12,15,27,45,46,1
09/25/2020,Friday,12,20,34,35,56,1
09/24/2020,Thursday,18,20,43,45,60,2
09/23/2020,Wednesday,10,28,36,38,45,1
09/22/2020,Tuesday,1,8,17,20,56,1
09/21/2020,Monday,6,18,21,51,52,4
09/20/2020,Sunday,9,12,29,44,57,4
09/19/2020,Saturday,7,11,36,40,50,1
09/18/2020,Friday,14,33,39,46,59,1
09/17/2020,Thursday,9,15,34,35,59,3
09/16/2020,Wednesday,6,7,30,32,39,3
09/15/2020,Tuesday,6,22,36,37,50,3
09/14/2020,Monday,14,35,41,43,60,3
09/13/2020,Sunday,1,19,27,44,46,1
09/12/2020,Saturday,11,14,20,22,32,2
09/11/2020,Friday,24,27,28,38,53,2
09/10/2020,Thursday,10,18,24,27,57,3
09/09/2020,Wednesday,7,15,32,52,59,2
09/08/2020,Tuesday,2,15,18,23,53,3
09/07/2020,Monday,1,2,20,37,56,3
09/06/2020,Sunday,10,17,31,35,51,3
09/05/2020,Saturday,8,22,34,44,45,1
09/04/2020,Friday,9,11,15,31,44,1
09/03/2020,Thursday,18,28,41,43,48,1
09/02/2020,Wednesday,3,6,29,42,59,2
09/01/2020,Tuesday,26,29,30,33,36,3
08/31/2020,Monday,12,16,20,34,40,1
08/30/2020,Sunday,3,12,18,29,33,1
08/29/2020,Saturday,14,32,39,41,59,1
08/28/2020,Friday,27,29,33,34,57,4
08/27/2020,Thursday,6,26,30,39,41,2
08/26/2020,Wednesday,7,10,15,17,30,3
08/25/2020,Tuesday,1,12,28,47,49,4
08/24/2020,Monday,2,4,5,12,22,1
08/23/2020,Sunday,6,8,27,33,39,4
08/22/2020,Saturday,8,12,17,25,36,4
08/21/2020,Friday,3,30,38,40,60,3
08/20/2020,Thursday,10,15,23,35,59,2
08/19/2020,Wednesday,16,21,32,41,56,3
08/18/2020,Tuesday,25,31,47,48,59,1
08/17/2020,Monday,13,23,26,32,35,4
08/16/2020,Sunday,10,27,30,38,46,2
08/15/2020,Saturday,4,10,20,45,54,4
08/14/2020,Friday,12,24,35,42,54,2
08/13/2020,Thursday,25,31,38,48,49,3
08/12/2020,Wednesday,12,19,22,42,56,2
08/11/2020,Tuesday,27,45,46,48,60,2
08/10/2020,Monday,2,7,9,20,55,4
08/09/2020,Sunday,5,13,14,26,59,2
08/08/2020,Saturday,21,37,41,43,60,1
08/07/2020,Friday,4,9,45,57,60,2
08/06/2020,Thursday,1,19,31,35,55,3
08/05/2020,Wednesday,24,27,42,44,50,2
08/04/2020,Tuesday,16,17,27,31,43,4
08/03/2020,Monday,10,15,28,36,48,2
08/02/2020,Sunday,2,11,19,27,30,4
08/01/2020,Saturday,13,23,38,48,59,4
07/31/2020,Friday,11,12,26,27,32,3
07/30/2020,Thursday,8,12,18,54,58,1
07/29/2020,Wednesday,8,11,21,36,39,2
07/28/2020,Tuesday,7,14,15,19,45,4
07/27/2020,Monday,10,15,32,37,50,2
07/26/2020,Sunday,4,7,34,50,54,3
07/25/2020,Saturday,10,22,44,45,59,3
07/24/2020,Friday,21,24,30,31,33,2
07/23/2020,Thursday,8,30,46,47,50,4
07/22/2020,Wednesday,7,30,47,50,58,1
07/21/2020,Tuesday,4,6,16,17,18,4
07/20/2020,Monday,24,33,39,40,46,4
07/19/2020,Sunday,14,27,34,36,45,4
07/18/2020,Saturday,6,8,48,57,60,1
07/17/2020,Friday,6,7,29,44,50,4
07/16/2020,Thursday,12,21,23,25,57,2
07/15/2020,Wednesday,6,21,29,57,58,3
07/14/2020,Tuesday,11,19,31,36,37,3
07/13/2020,Monday,11,12,33,36,49,4
07/12/2020,Sunday,2,11,13,43,59,4
07/11/2020,Saturday,5,11,22,27,41,4
07/10/2020,Friday,13,17,27,39,50,4
07/09/2020,Thursday,2,13,14,29,39,1
07/08/2020,Wednesday,4,13,15,19,26,1
07/07/2020,Tuesday,9,12,17,22,37,1
07/06/2020,Monday,19,31,33,36,37,4
07/05/2020,Sunday,11,15,21,52,58,3
07/04/2020,Saturday,3,9,18,19,20,1
07/03/2020,Friday,7,23,28,42,47,1
07/02/2020,Thursday,11,33,42,54,57,4
07/01/2020,Wednesday,21,31,34,38,47,1
06/30/2020,Tuesday,3,15,30,32,39,4
06/29/2020,Monday,10,12,16,17,32,1
06/28/2020,Sunday,15,23,44,46,54,2
06/27/2020,Saturday,9,26,29,42,59,2
06/26/2020,Friday,13,14,15,35,42,4
06/25/2020,Thursday,20,37,43,45,50,2
06/24/2020,Wednesday,25,41,57,59,60,3
06/23/2020,Tuesday,11,45,50,52,59,3
06/22/2020,Monday,7,14,46,48,58,4
06/21/2020,Sunday,14,17,20,40,47,2
06/20/2020,Saturday,5,19,22,50,54,2
06/19/2020,Friday,20,38,40,47,49,2
06/18/2020,Thursday,2,29,30,37,41,3
06/17/2020,Wednesday,10,28,51,54,57,4
06/16/2020,Tuesday,6,15,29,48,56,1
06/15/2020,Monday,18,31,34,43,55,2
06/14/2020,Sunday,6,10,11,19,40,2
06/13/2020,Saturday,11,19,31,50,58,4
06/12/2020,Friday,1,15,20,34,56,2
06/11/2020,Thursday,20,35,44,50,51,2
06/10/2020,Wednesday,5,22,26,41,42,2
06/09/2020,Tuesday,7,23,26,48,56,4
06/08/2020,Monday,6,8,22,30,39,2
06/07/2020,Sunday,1,9,12,39,51,1
06/06/2020,Saturday,13,24,32,40,49,3
06/05/2020,Friday,4,5,13,52,58,1
06/04/2020,Thursday,1,5,21,25,60,1
06/03/2020,Wednesday,13,28,38,46,48,1
06/02/2020,Tuesday,6,11,12,29,38,3
06/01/2020,Monday,8,17,24,33,48,3
05/31/2020,Sunday,2,13,29,40,44,2
05/30/2020,Saturday,9,21,24,42,44,4
05/29/2020,Friday,12,21,35,43,46,3
05/28/2020,Thursday,7,8,12,14,39,2
05/27/2020,Wednesday,3,36,44,53,56,4
05/26/2020,Tuesday,10,13,21,31,41,3
05/25/2020,Monday,8,14,42,46,58,3
05/24/2020,Sunday,12,15,22,50,55,2
05/23/2020,Saturday,4,5,14,17,24,3
05/22/2020,Friday,13,27,38,42,53,4
05/21/2020,Thursday,11,19,22,24,40,2
05/20/2020,Wednesday,11,29,40,53,57,1
05/19/2020,Tuesday,7,12,24,38,60,1
05/18/2020,Monday,6,11,14,31,57,1
05/17/2020,Sunday,4,7,19,26,57,3
05/16/2020,Saturday,5,10,17,41,45,3
05/15/2020,Friday,2,7,23,26,51,2
05/14/2020,Thursday,10,34,53,55,59,1
05/13/2020,Wednesday,1,18,21,43,50,1
05/12/2020,Tuesday,13,14,16,23,60,4
05/11/2020,Monday,29,31,39,48,57,2
05/10/2020,Sunday,1,6,15,17,36,2
05/09/2020,Saturday,23,38,42,54,60,1
05/08/2020,Friday,12,20,30,34,47,3
05/07/2020,Thursday,28,31,40,52,54,3
05/06/2020,Wednesday,9,17,21,25,34,1
05/05/2020,Tuesday,11,32,34,52,60,2
05/04/2020,Monday,4,11,30,31,46,3
05/03/2020,Sunday,19,21,22,35,48,1
05/02/2020,Saturday,8,18,43,52,59,4
05/01/2020,Friday,21,34,40,49,50,1
04/30/2020,Thursday,8,17,19,28,44,4
04/29/2020,Wednesday,3,6,13,22,57,1
04/28/2020,Tuesday,18,21,36,41,48,2
04/27/2020,Monday,1,42,43,57,60,2
04/26/2020,Sunday,4,24,26,27,32,4
04/25/2020,Saturday,27,30,35,38,43,4
04/24/2020,Friday,23,29,38,39,58,1
04/23/2020,Thursday,15,22,32,35,56,3
04/22/2020,Wednesday,2,6,10,37,42,1
04/21/2020,Tuesday,8,14,43,51,59,3
04/20/2020,Monday,11,17,20,22,52,1
04/19/2020,Sunday,4,8,24,50,56,3
04/18/2020,Saturday,20,28,37,41,44,1
04/17/2020,Friday,7,30,39,55,56,4
04/16/2020,Thursday,6,12,18,20,22,1
04/15/2020,Wednesday,14,26,33,42,60,2
04/14/2020,Tuesday,29,30,31,53,54,3
04/13/2020,Monday,8,21,54,56,59,3
04/12/2020,Sunday,4,21,23,29,59,3
04/11/2020,Saturday,1,19,41,42,47,3
04/10/2020,Friday,11,27,45,46,50,3
04/09/2020,Thursday,5,10,11,52,59,1
04/08/2020,Wednesday,2,21,22,28,46,3
04/07/2020,Tuesday,20,37,38,49,55,3
04/06/2020,Monday,4,25,37,56,57,2
04/05/2020,Sunday,24,40,49,54,57,2
04/04/2020,Saturday,1,14,16,41,52,4
04/03/2020,Friday,29,32,42,51,57,1
04/02/2020,Thursday,10,17,22,24,44,1
04/01/2020,Wednesday,5,14,18,27,46,4
03/31/2020,Tuesday,18,25,31,45,58,1
03/30/2020,Monday,2,7,28,30,52,3
03/29/2020,Sunday,3,29,38,45,53,1
03/28/2020,Saturday,21,26,35,58,59,3
03/27/2020,Friday,3,8,9,24,39,4
03/26/2020,Thursday,1,41,42,47,58,2
03/25/2020,Wednesday,5,24,26,40,52,1
03/24/2020,Tuesday,6,15,18,25,49,4
03/23/2020,Monday,44,47,52,53,55,1
03/22/2020,Sunday,1,34,41,43,53,2
03/21/2020,Saturday,14,20,50,56,57,1
03/20/2020,Friday,13,14,16,24,30,1
03/19/2020,Thursday,8,14,19,44,45,3
03/18/2020,Wednesday,5,14,18,23,51,1
03/17/2020,Tuesday,1,23,30,45,53,2
03/16/2020,Monday,10,22,34,50,55,2
03/15/2020,Sunday,21,24,34,39,46,2
03/14/2020,Saturday,10,12,17,43,50,2
03/13/2020,Friday,7,17,22,24,31,1
03/12/2020,Thursday,18,26,36,37,38,3
03/11/2020,Wednesday,8,25,35,54,58,2
03/10/2020,Tuesday,4,8,40,42,50,2
03/09/2020,Monday,3,4,13,23,47,1
03/08/2020,Sunday,12,28,34,47,49,1
03/07/2020,Saturday,18,23,40,41,44,2
03/06/2020,Friday,9,27,38,41,53,4
03/05/2020,Thursday,2,22,32,45,59,3
03/04/2020,Wednesday,8,12,17,21,34,2
03/03/2020,Tuesday,6,15,25,48,59,2
03/02/2020,Monday,7,26,35,39,50,4
03/01/2020,Sunday,5,16,18,42,43,1
02/29/2020,Saturday,27,31,40,52,53,4
02/28/2020,Friday,10,24,27,59,60,2
02/27/2020,Thursday,4,9,19,31,52,4
02/26/2020,Wednesday,17,21,32,36,52,3
02/25/2020,Tuesday,1,31,34,38,47,4
02/24/2020,Monday,4,25,39,44,60,1
02/23/2020,Sunday,5,26,32,46,50,2
02/22/2020,Saturday,15,17,20,33,34,3
02/21/2020,Friday,28,49,56,58,59,2
02/20/2020,Thursday,3,9,25,46,49,1
02/19/2020,Wednesday,4,11,13,14,54,3
02/18/2020,Tuesday,3,13,16,34,45,2
02/17/2020,Monday,16,31,35,36,37,4
02/16/2020,Sunday,7,8,10,33,49,1
02/15/2020,Saturday,14,30,37,39,47,2
02/14/2020,Friday,20,42,46,57,59,1
02/13/2020,Thursday,1,11,27,45,47,4
02/12/2020,Wednesday,2,9,13,44,60,2
02/11/2020,Tuesday,11,22,32,34,48,2
02/10/2020,Monday,5,7,21,22,41,1
02/09/2020,Sunday,4,15,27,45,54,4
02/08/2020,Saturday,22,23,41,55,58,2
02/07/2020,Friday,10,15,21,49,50,1
02/06/2020,Thursday,4,5,8,25,47,4
02/05/2020,Wednesday,3,15,27,52,54,2
02/04/2020,Tuesday,8,18,20,22,28,4
02/03/2020,Monday,8,30,37,58,59,1
02/02/2020,Sunday,19,22,29,36,60,4
02/01/2020,Saturday,1,12,22,33,42,4
01/31/2020,Friday,20,22,40,50,53,2
01/30/2020,Thursday,6,11,41,49,58,3
01/29/2020,Wednesday,19,27,40,41,58,1
01/28/2020,Tuesday,4,9,18,20,56,4
01/27/2020,Monday,2,19,26,36,55,1
01/26/2020,Sunday,23,44,48,50,60,2
01/25/2020,Saturday,18,21,37,49,57,1
01/24/2020,Friday,5,13,19,41,57,3
01/23/2020,Thursday,14,21,24,49,60,3
01/22/2020,Wednesday,2,28,29,45,46,3
01/21/2020,Tuesday,8,15,16,41,55,3
01/20/2020,Monday,4,23,54,56,57,4
01/19/2020,Sunday,19,32,38,51,57,3
01/18/2020,Saturday,17,28,36,40,60,4
01/17/2020,Friday,14,32,37,43,56,1
01/16/2020,Thursday,1,9,25,38,57,2
01/15/2020,Wednesday,14,16,18,25,46,4
01/14/2020,Tuesday,16,21,28,45,51,4
01/13/2020,Monday,7,8,16,20,35,2
01/12/2020,Sunday,18,23,25,49,51,1
01/11/2020,Saturday,17,20,23,46,57,1
01/10/2020,Friday,1,3,26,27,44,2
01/09/2020,Thursday,7,17,42,50,51,2
01/08/2020,Wednesday,3,13,32,41,42,3
01/07/2020,Tuesday,11,13,28,58,59,2
01/06/2020,Monday,22,32,33,35,43,2
01/05/2020,Sunday,41,43,45,59,60,4
01/04/2020,Saturday,4,7,19,26,47,3
01/03/2020,Friday,36,40,53,55,56,3
01/02/2020,Thursday,7,30,39,44,48,4
01/01/2020,Wednesday,2,17,26,44,46,3
12/31/2019,Tuesday,10,22,26,28,39,2
12/30/2019,Monday,8,32,39,58,60,4
12/29/2019,Sunday,1,19,20,25,36,3
12/28/2019,Saturday,17,33,42,43,55,3
12/27/2019,Friday,2,8,35,41,47,1
12/26/2019,Thursday,2,11,29,44,59,2
12/25/2019,Wednesday,5,7,15,24,37,1
12/24/2019,Tuesday,6,8,16,23,57,4
12/23/2019,Monday,1,9,40,53,58,3
12/22/2019,Sunday,32,36,38,42,54,3
12/21/2019,Saturday,5,15,24,30,59,3
12/20/2019,Friday,9,27,40,48,58,1
12/19/2019,Thursday,6,15,35,44,59,3
12/18/2019,Wednesday,22,43,49,50,57,2
12/17/2019,Tuesday,14,16,17,24,43,1
12/16/2019,Monday,26,30,35,36,58,2
12/15/2019,Sunday,3,10,16,35,38,2
12/14/2019,Saturday,2,11,25,40,44,1
12/13/2019,Friday,27,40,45,46,60,2
12/12/2019,Thursday,6,21,49,53,55,1
12/11/2019,Wednesday,3,8,11,30,48,1
12/10/2019,Tuesday,21,32,36,39,53,1
12/09/2019,Monday,1,30,42,47,52,1
12/08/2019,Sunday,17,18,21,44,50,1
12/07/2019,Saturday,2,27,48,55,60,3
12/06/2019,Friday,3,11,18,23,49,4
12/05/2019,Thursday,3,15,42,45,50,3
12/04/2019,Wednesday,23,44,46,49,56,3
12/03/2019,Tuesday,6,13,15,22,51,3
12/02/2019,Monday,15,20,36,44,46,2
12/01/2019,Sunday,8,10,36,45,60,3
11/30/2019,Saturday,13,16,34,46,55,2
11/29/2019,Friday,14,18,42,43,51,1
11/28/2019,Thursday,19,26,48,51,53,4
11/27/2019,Wednesday,7,9,15,16,43,2
11/26/2019,Tuesday,1,4,16,30,40,4
11/25/2019,Monday,26,30,40,53,54,4
11/24/2019,Sunday,6,7,11,14,36,1
11/23/2019,Saturday,14,15,22,35,41,4
11/22/2019,Friday,13,14,27,47,48,2
11/21/2019,Thursday,1,25,35,42,51,3
11/20/2019,Wednesday,17,21,31,49,51,2
11/19/2019,Tuesday,10,14,40,46,49,3
11/18/2019,Monday,25,34,35,46,59,4
11/17/2019,Sunday,1,2,26,47,56,1
11/16/2019,Saturday,2,9,15,45,57,2
11/15/2019,Friday,12,21,28,46,56,4
11/14/2019,Thursday,6,29,33,44,56,4
11/13/2019,Wednesday,1,36,40,54,55,3
11/12/2019,Tuesday,4,11,14,15,60,4
11/11/2019,Monday,7,14,27,28,39,1
11/10/2019,Sunday,11,18,30,32,44,2
11/09/2019,Saturday,12,15,33,34,44,4
11/08/2019,Friday,11,21,31,52,57,3
11/07/2019,Thursday,6,17,32,45,47,2
11/06/2019,Wednesday,1,7,21,36,47,4
11/05/2019,Tuesday,10,26,43,47,56,3
11/04/2019,Monday,4,13,48,49,53,3
11/03/2019,Sunday,5,13,14,16,45,2
11/02/2019,Saturday,12,14,16,17,28,4
11/01/2019,Friday,12,15,16,38,57,4
10/31/2019,Thursday,18,25,28,41,47,3
10/30/2019,Wednesday,1,3,15,26,53,3
10/29/2019,Tuesday,23,31,45,48,58,4
10/28/2019,Monday,6,14,30,51,57,2
10/27/2019,Sunday,1,5,10,30,54,4
10/26/2019,Saturday,2,7,11,39,53,2
10/25/2019,Friday,1,23,40,58,60,1
10/24/2019,Thursday,7,11,31,47,49,1
10/23/2019,Wednesday,9,16,17,30,44,4
10/22/2019,Tuesday,10,14,25,36,52,2
10/21/2019,Monday,28,32,36,43,46,1
10/20/2019,Sunday,12,22,26,35,60,1
10/19/2019,Saturday,13,29,43,44,50,3
10/18/2019,Friday,7,22,23,30,43,2
10/17/2019,Thursday,3,4,41,55,60,1
10/16/2019,Wednesday,10,20,30,32,50,3
10/15/2019,Tuesday,4,12,42,49,58,3
10/14/2019,Monday,3,4,29,40,60,3
10/13/2019,Sunday,2,34,47,51,58,3
10/12/2019,Saturday,11,24,47,53,58,4
10/11/2019,Friday,17,33,37,51,56,1
10/10/2019,Thursday,15,20,26,46,50,4
10/09/2019,Wednesday,4,14,30,44,45,1
10/08/2019,Tuesday,13,56,57,58,59,1
10/07/2019,Monday,15,16,33,34,49,2
10/06/2019,Sunday,36,48,54,56,57,2
10/05/2019,Saturday,1,5,20,21,57,1
10/04/2019,Friday,2,8,23,34,54,3
10/03/2019,Thursday,1,25,53,56,58,2
10/02/2019,Wednesday,27,42,43,50,54,1
10/01/2019,Tuesday,8,12,51,58,60,3
09/30/2019,Monday,2,3,9,38,54,4
09/29/2019,Sunday,28,41,48,51,57,2
09/28/2019,Saturday,18,20,42,51,58,4
09/27/2019,Friday,20,26,38,40,60,3
09/26/2019,Thursday,1,5,48,50,51,1
09/25/2019,Wednesday,6,34,36,48,55,1
09/24/2019,Tuesday,11,25,32,35,41,3
09/23/2019,Monday,29,36,37,40,49,1
09/22/2019,Sunday,17,22,23,30,59,4
09/21/2019,Saturday,13,21,23,26,48,4
09/20/2019,Friday,3,23,28,31,32,1
09/19/2019,Thursday,8,11,15,22,29,3
09/18/2019,Wednesday,9,13,29,39,46,3
09/17/2019,Tuesday,3,9,14,48,57,3
09/16/2019,Monday,2,7,10,32,53,3
09/15/2019,Sunday,20,34,42,46,48,4
09/14/2019,Saturday,2,18,39,45,60,1
09/13/2019,Friday,3,28,32,49,56,2
09/12/2019,Thursday,10,15,35,42,54,3
09/11/2019,Wednesday,3,7,19,31,38,4
09/10/2019,Tuesday,11,14,35,43,53,3
09/09/2019,Monday,12,18,19,33,39,3
09/08/2019,Sunday,5,10,34,41,47,1
09/07/2019,Saturday,13,24,26,34,56,1
09/06/2019,Friday,6,18,24,25,51,3
09/05/2019,Thursday,9,25,32,36,60,3
09/04/2019,Wednesday,8,18,19,34,36,4
09/03/2019,Tuesday,5,16,20,29,45,3
09/02/2019,Monday,6,9,22,46,48,3
09/01/2019,Sunday,8,13,17,48,57,4
08/31/2019,Saturday,1,26,41,45,59,3
08/30/2019,Friday,17,21,35,43,50,3
08/29/2019,Thursday,8,9,15,46,48,4
08/28/2019,Wednesday,24,27,33,47,49,2
08/27/2019,Tuesday,17,22,47,55,60,1
08/26/2019,Monday,19,23,34,47,49,2
08/25/2019,Sunday,13,16,31,34,50,3
08/24/2019,Saturday,5,27,40,43,50,1
08/23/2019,Friday,18,34,37,45,55,4
08/22/2019,Thursday,11,32,37,39,54,2
08/21/2019,Wednesday,5,31,35,43,50,4
08/20/2019,Tuesday,3,14,17,23,54,1
08/19/2019,Monday,1,15,31,43,56,4
08/18/2019,Sunday,21,23,35,44,46,2
08/17/2019,Saturday,5,8,9,14,25,3
08/16/2019,Friday,24,28,35,38,56,1
08/15/2019,Thursday,9,16,19,37,52,2
08/14/2019,Wednesday,7,38,45,47,57,4
08/13/2019,Tuesday,3,14,17,41,56,3
08/12/2019,Monday,7,15,31,50,57,1
08/11/2019,Sunday,1,15,22,25,37,3
08/10/2019,Saturday,1,7,16,23,35,1
08/09/2019,Friday,2,10,35,42,56,2
08/08/2019,Thursday,4,20,37,40,44,1
08/07/2019,Wednesday,4,13,44,50,59,1
08/06/2019,Tuesday,20,26,29,34,60,4
08/05/2019,Monday,9,19,24,34,56,3
08/04/2019,Sunday,1,15,17,43,49,4
08/03/2019,Saturday,1,6,19,47,55,1
08/02/2019,Friday,7,27,54,57,58,3
08/01/2019,Thursday,4,15,32,58,60,1
07/31/2019,Wednesday,39,41,42,44,47,2
07/30/2019,Tuesday,6,10,19,26,42,4
07/29/2019,Monday,5,13,30,31,45,3
07/28/2019,Sunday,10,11,38,50,54,2
07/27/2019,Saturday,4,6,21,26,52,1
07/26/2019,Friday,3,20,29,40,57,1
07/25/2019,Thursday,13,25,35,37,57,2
07/24/2019,Wednesday,9,19,28,54,60,1
07/23/2019,Tuesday,24,46,50,55,60,2
07/22/2019,Monday,5,21,28,56,58,3
07/21/2019,Sunday,5,13,25,50,58,2
07/20/2019,Saturday,4,24,39,58,59,4
07/19/2019,Friday,11,22,34,51,59,4
07/18/2019,Thursday,23,25,27,31,40,2
07/17/2019,Wednesday,9,18,35,59,60,3
07/16/2019,Tuesday,14,15,19,25,29,4
07/15/2019,Monday,7,25,33,38,47,3
07/14/2019,Sunday,12,18,20,30,44,2
07/13/2019,Saturday,2,5,16,30,59,3
07/12/2019,Friday,7,31,38,51,59,1
07/11/2019,Thursday,4,29,40,47,48,2
07/10/2019,Wednesday,9,20,34,58,60,4
07/09/2019,Tuesday,8,10,18,24,48,4
07/08/2019,Monday,7,15,19,45,55,3
07/07/2019,Sunday,4,24,34,39,55,3
07/06/2019,Saturday,1,5,28,32,53,1
07/05/2019,Friday,15,39,40,43,53,2
07/04/2019,Thursday,2,9,18,25,51,3
07/03/2019,Wednesday,6,8,51,55,57,3
07/02/2019,Tuesday,5,10,41,53,54,2
07/01/2019,Monday,8,32,34,45,51,3
06/27/2019,Thursday,11,14,17,28,39,1
06/24/2019,Monday,7,10,18,21,28,4
06/20/2019,Thursday,34,43,45,56,57,2
06/17/2019,Monday,31,36,45,46,59,4
06/13/2019,Thursday,13,27,32,35,40,2
06/10/2019,Monday,25,28,38,40,48,2
06/06/2019,Thursday,6,16,27,41,58,3
06/03/2019,Monday,17,25,45,53,59,2
05/30/2019,Thursday,2,23,40,51,59,1
05/27/2019,Monday,22,24,33,36,51,1
05/23/2019,Thursday,34,38,40,41,49,4
05/20/2019,Monday,4,11,14,20,24,4
05/16/2019,Thursday,1,36,45,53,56,1
05/13/2019,Monday,27,29,39,42,50,3
05/09/2019,Thursday,12,22,27,43,46,3
05/06/2019,Monday,32,34,47,48,51,3
05/02/2019,Thursday,6,10,16,36,45,2
04/29/2019,Monday,1,21,24,30,35,1
04/25/2019,Thursday,37,47,52,55,60,3
04/22/2019,Monday,17,20,24,33,57,4
04/18/2019,Thursday,22,30,33,49,55,1
04/15/2019,Monday,3,13,19,36,50,2
04/11/2019,Thursday,6,9,34,37,43,4
04/08/2019,Monday,3,11,23,34,36,2
04/04/2019,Thursday,3,6,8,9,35,4
04/01/2019,Monday,2,37,43,48,51,3
03/28/2019,Thursday,4,6,21,37,58,1
03/25/2019,Monday,17,25,33,47,51,4
03/21/2019,Thursday,15,21,27,31,52,4
03/18/2019,Monday,11,26,39,49,50,2
03/14/2019,Thursday,11,13,32,51,55,1
03/11/2019,Monday,12,17,18,38,46,2
03/07/2019,Thursday,7,14,20,38,58,1
03/04/2019,Monday,6,9,45,49,55,4
02/28/2019,Thursday,3,15,18,21,35,2
02/25/2019,Monday,18,24,42,55,58,3
02/21/2019,Thursday,3,4,34,38,39,2
02/18/2019,Monday,1,37,39,48,54,4
02/14/2019,Thursday,7,10,21,33,48,2
02/11/2019,Monday,1,2,39,50,60,4
02/07/2019,Thursday,20,28,50,51,60,3
02/04/2019,Monday,3,17,33,39,40,4
01/31/2019,Thursday,14,16,26,39,56,4
01/28/2019,Monday,22,24,26,42,51,3
01/24/2019,Thursday,13,34,36,49,55,3
01/21/2019,Monday,4,8,27,28,32,4
01/17/2019,Thursday,1,22,23,29,52,2
01/14/2019,Monday,17,18,42,50,57,1
01/10/2019,Thursday,5,44,45,47,54,3
01/07/2019,Monday,20,27,34,57,59,2
01/03/2019,Thursday,5,9,25,33,55,2
12/31/2018,Monday,18,28,39,46,54,2
12/27/2018,Thursday,1,7,36,50,52,4
12/24/2018,Monday,3,28,31,37,40,2
12/20/2018,Thursday,4,29,30,40,47,4
12/17/2018,Monday,9,19,21,44,50,1
12/13/2018,Thursday,4,11,18,23,47,2
12/10/2018,Monday,11,28,41,47,53,3
12/06/2018,Thursday,28,32,35,42,48,4
12/03/2018,Monday,5,30,40,58,60,4
11/29/2018,Thursday,29,41,48,52,57,4
11/26/2018,Monday,18,32,35,52,58,2
11/22/2018,Thursday,18,24,41,43,55,4
11/19/2018,Monday,14,16,28,46,49,4
11/15/2018,Thursday,15,24,36,37,41,2
11/12/2018,Monday,4,15,44,51,52,2
11/08/2018,Thursday,31,35,42,44,52,4
11/05/2018,Monday,19,39,40,47,60,4
11/01/2018,Thursday,3,11,32,51,56,2
10/29/2018,Monday,7,23,25,35,38,4
10/25/2018,Thursday,27,33,34,42,43,4
10/22/2018,Monday,1,11,19,24,46,1
10/18/2018,Thursday,7,8,16,20,44,3
10/15/2018,Monday,21,23,31,55,57,4
10/11/2018,Thursday,21,27,46,51,53,4
10/08/2018,Monday,11,26,30,41,45,1
10/04/2018,Thursday,6,8,26,34,42,3
10/01/2018,Monday,2,21,31,36,52,1
09/27/2018,Thursday,21,25,34,38,42,2
09/24/2018,Monday,7,19,22,37,49,1
09/20/2018,Thursday,26,32,47,49,51,2
09/17/2018,Monday,12,13,26,43,54,3
09/13/2018,Thursday,21,26,42,51,59,1
09/10/2018,Monday,8,13,19,41,42,4
09/06/2018,Thursday,6,11,13,32,38,3
09/03/2018,Monday,19,22,24,31,37,1
08/30/2018,Thursday,5,45,50,52,53,1
08/27/2018,Monday,18,22,30,35,53,1
08/23/2018,Thursday,5,23,26,31,51,3
08/20/2018,Monday,6,23,27,45,54,1
08/16/2018,Thursday,9,25,28,29,48,1
08/13/2018,Monday,7,9,17,39,58,4
08/09/2018,Thursday,1,24,26,48,60,1
08/06/2018,Monday,13,50,53,58,60,3
08/02/2018,Thursday,1,10,14,29,30,1
07/30/2018,Monday,21,45,48,51,58,1
07/26/2018,Thursday,2,20,33,38,45,4
07/23/2018,Monday,4,13,25,27,58,4
07/19/2018,Thursday,9,12,20,38,52,1
07/16/2018,Monday,17,18,45,46,55,1
07/12/2018,Thursday,1,20,28,48,56,4
07/09/2018,Monday,9,12,16,20,60,1
07/05/2018,Thursday,16,21,28,31,44,4
07/02/2018,Monday,4,13,24,53,59,1
06/28/2018,Thursday,4,13,17,34,49,1
06/25/2018,Monday,12,33,37,55,58,4
06/21/2018,Thursday,3,13,16,17,24,3
06/18/2018,Monday,4,27,28,40,59,2
06/14/2018,Thursday,12,14,24,27,55,4
06/11/2018,Monday,14,32,33,43,55,4
06/07/2018,Thursday,17,22,38,42,45,4
06/04/2018,Monday,4,13,30,38,53,3
05/31/2018,Thursday,1,28,42,47,55,4
05/28/2018,Monday,13,29,31,34,47,1
05/24/2018,Thursday,5,13,35,49,56,2
05/21/2018,Monday,8,18,22,37,44,1
05/17/2018,Thursday,8,40,41,43,51,2
05/14/2018,Monday,1,4,6,13,32,2
05/10/2018,Thursday,11,36,41,43,48,4
05/07/2018,Monday,4,15,19,22,51,2
05/03/2018,Thursday,2,7,11,30,59,3
04/30/2018,Monday,2,11,14,45,49,3
04/26/2018,Thursday,7,32,33,36,59,3
04/23/2018,Monday,16,21,22,47,52,3
04/19/2018,Thursday,4,15,28,35,42,2
04/16/2018,Monday,8,11,15,26,50,3
04/12/2018,Thursday,2,6,14,22,40,1
04/09/2018,Monday,10,19,29,45,48,4
04/05/2018,Thursday,3,10,21,24,59,1
04/02/2018,Monday,7,12,21,24,40,2
03/29/2018,Thursday,34,35,36,46,58,1
03/26/2018,Monday,2,9,23,47,54,3
03/22/2018,Thursday,2,8,15,40,41,4
03/19/2018,Monday,3,26,30,51,53,4
03/15/2018,Thursday,11,12,31,49,59,1
03/12/2018,Monday,5,29,35,36,49,4
03/08/2018,Thursday,6,34,36,44,55,4
03/05/2018,Monday,1,47,52,54,58,2
03/01/2018,Thursday,5,6,7,12,36,2
02/26/2018,Monday,29,31,40,45,59,3
02/22/2018,Thursday,26,28,38,47,51,1
02/19/2018,Monday,10,16,23,31,53,2
02/15/2018,Thursday,1,43,44,53,54,1
02/12/2018,Monday,1,5,17,21,33,4
02/08/2018,Thursday,9,37,47,51,55,4
02/05/2018,Monday,30,36,39,55,60,1
02/01/2018,Thursday,10,20,21,25,52,1
01/29/2018,Monday,6,11,14,16,52,1
01/25/2018,Thursday,1,6,24,41,44,2
01/22/2018,Monday,1,5,10,28,57,3
01/18/2018,Thursday,26,36,42,58,60,1
01/15/2018,Monday,12,25,31,33,58,4
01/11/2018,Thursday,18,22,23,41,53,1
01/08/2018,Monday,3,11,44,47,58,3
01/04/2018,Thursday,12,22,42,43,53,3
01/01/2018,Monday,12,18,20,31,38,4
12/28/2017,Thursday,9,14,24,41,46,2
12/25/2017,Monday,2,18,34,42,57,3
12/21/2017,Thursday,1,9,25,37,60,1
12/18/2017,Monday,8,9,12,21,45,1
12/14/2017,Thursday,7,24,32,44,52,3
12/11/2017,Monday,2,16,30,40,53,3
12/07/2017,Thursday,2,5,39,54,56,3
12/04/2017,Monday,16,17,46,51,52,1
11/30/2017,Thursday,2,5,18,23,59,1
11/27/2017,Monday,25,27,42,50,57,1
11/23/2017,Thursday,4,33,56,58,59,4
11/20/2017,Monday,3,4,22,38,59,3
11/16/2017,Thursday,15,16,19,42,52,3
11/13/2017,Monday,9,17,21,29,58,3
11/09/2017,Thursday,3,12,30,39,60,1
11/06/2017,Monday,4,10,22,24,42,2
11/02/2017,Thursday,14,43,55,57,60,4
10/30/2017,Monday,6,22,23,36,42,2
10/26/2017,Thursday,3,12,17,27,55,2
10/23/2017,Monday,16,31,34,41,57,4
10/19/2017,Thursday,15,16,39,41,46,2
10/16/2017,Monday,3,11,32,49,55,4
10/12/2017,Thursday,12,33,41,45,60,2
10/09/2017,Monday,18,20,38,42,44,4
10/05/2017,Thursday,12,14,31,38,41,2
10/02/2017,Monday,10,35,38,48,57,4
09/28/2017,Thursday,16,31,34,50,60,3
09/25/2017,Monday,7,26,53,55,56,3
09/21/2017,Thursday,4,16,18,32,47,2
09/18/2017,Monday,4,21,26,35,42,2
09/14/2017,Thursday,5,12,13,41,44,4
09/11/2017,Monday,26,34,42,48,57,1
09/07/2017,Thursday,2,5,7,55,57,3
09/04/2017,Monday,2,11,20,36,46,1
08/31/2017,Thursday,30,34,36,56,59,1
08/28/2017,Monday,4,9,20,42,46,2
08/24/2017,Thursday,2,4,32,57,60,3
08/21/2017,Monday,7,8,12,35,39,4
08/17/2017,Thursday,11,15,21,23,58,3
08/14/2017,Monday,8,20,31,36,39,2
08/10/2017,Thursday,4,5,28,33,42,4
08/07/2017,Monday,6,20,25,32,50,2
08/03/2017,Thursday,9,12,19,29,34,2
07/31/2017,Monday,7,9,47,54,60,3
07/27/2017,Thursday,32,37,38,42,43,2
07/24/2017,Monday,7,20,21,41,59,1
07/20/2017,Thursday,26,37,40,42,50,1
07/17/2017,Monday,8,17,27,28,39,2
07/13/2017,Thursday,6,17,32,45,59,3
07/10/2017,Monday,13,19,34,38,53,1
07/06/2017,Thursday,4,9,39,44,52,2
07/03/2017,Monday,4,28,40,41,48,3
06/29/2017,Thursday,7,8,13,18,48,2
06/26/2017,Monday,8,33,39,40,49,2
06/22/2017,Thursday,31,40,45,54,57,3
06/19/2017,Monday,2,10,15,33,58,4
06/15/2017,Thursday,1,9,17,26,55,1
06/12/2017,Monday,10,11,44,53,57,3
06/08/2017,Thursday,24,27,43,50,60,3
06/05/2017,Monday,3,29,32,48,56,1
06/01/2017,Thursday,5,9,46,55,58,4
05/29/2017,Monday,18,22,23,25,49,4
05/25/2017,Thursday,6,7,13,16,30,1
05/22/2017,Monday,4,6,25,31,47,1
05/18/2017,Thursday,4,29,30,55,58,3
05/15/2017,Monday,2,27,28,34,39,3
05/11/2017,Thursday,6,20,30,34,36,1
05/08/2017,Monday,22,34,42,46,57,3
05/04/2017,Thursday,1,2,17,24,38,4
05/01/2017,Monday,7,19,23,24,40,2
04/27/2017,Thursday,2,20,27,29,53,4
04/24/2017,Monday,19,33,35,36,48,2
04/20/2017,Thursday,22,23,37,56,60,4
04/17/2017,Monday,5,9,12,33,46,4
04/13/2017,Thursday,17,19,49,50,56,4
04/10/2017,Monday,20,22,37,55,56,3
04/06/2017,Thursday,4,6,17,48,53,4
04/03/2017,Monday,12,15,28,46,57,2
03/30/2017,Thursday,24,38,40,44,49,2
03/27/2017,Monday,32,42,58,59,60,4
03/23/2017,Thursday,2,28,30,39,53,4
03/20/2017,Monday,13,22,41,46,56,2
03/16/2017,Thursday,13,14,36,48,57,2
03/13/2017,Monday,13,16,17,24,50,2
03/09/2017,Thursday,1,8,23,56,58,3
03/06/2017,Monday,1,5,14,22,50,2
03/02/2017,Thursday,3,7,11,30,42,3
02/27/2017,Monday,6,19,28,57,60,1
02/23/2017,Thursday,3,24,38,43,52,3
02/20/2017,Monday,13,16,23,37,48,3
